file_id,char_id,spine_id,full_name,name,skin_name,name_cn,name_jp,name_tw,name_en,name_kr
CH0069,1,354,圣园 未花,圣园 未花,,圣园 未花,聖園 ミカ,聖園 彌香,Misono Mika,미소노 미카
NP0010,1,301,圣园 未花（无武器）,圣园 未花,无武器,圣园 未花（无武器）,聖園 ミカ（无武器）,聖園 彌香（无武器）,Misono Mika,미소노 미카
NP0041,1,256,圣园 未花（战损）,圣园 未花,战损,圣园 未花（战损）,聖園 ミカ（战损）,聖園 彌香（战损）,Misono Mika,미소노 미카
NP0100,1,120,圣园 未花（无披肩）,圣园 未花,无披肩,圣园 未花（无披肩）,聖園 ミカ（无披肩）,聖園 彌香（无披肩）,Misono Mika,미소노 미카
NP0101,1,118,圣园 未花（学校泳装）,圣园 未花,学校泳装,圣园 未花（学校泳装）,聖園 ミカ（学校泳装）,聖園 彌香（学校泳装）,Misono Mika,미소노 미카
NP0102,1,116,圣园 未花（运动服）,圣园 未花,运动服,圣园 未花（运动服）,聖園 ミカ（运动服）,聖園 彌香（运动服）,Misono Mika,미소노 미카
NP0235,2,907,才羽 桃井（防寒服）,才羽 桃井,防寒服,才羽 桃（防寒服）,才羽 モモイ（防寒服）,才羽 桃井（防寒服）,Saiba Momoi,사이바 모모이
momoi,2,337,才羽 桃井,才羽 桃井,,才羽 桃,才羽 モモイ,才羽 桃井,Saiba Momoi,사이바 모모이
NP0001,3,318,白洲 梓（运动服）,白洲 梓,运动服,白洲 梓（运动服）,白洲 アズサ（运动服）,白洲 梓（运动服）,Shirasu Azusa,시라스 아즈사
NP0002,3,316,白洲 梓（学校泳装）,白洲 梓,学校泳装,白洲 梓（学校泳装）,白洲 アズサ（学校泳装）,白洲 梓（学校泳装）,Shirasu Azusa,시라스 아즈사
NP0020,3,285,白洲 梓（战损）,白洲 梓,战损,白洲 梓（战损）,白洲 アズサ（战损）,白洲 梓（战损）,Shirasu Azusa,시라스 아즈사
azusa,3,78,白洲 梓,白洲 梓,,白洲 梓,白洲 アズサ,白洲 梓,Shirasu Azusa,시라스 아즈사
CH0137,4,131,春原 心奈,春原 心奈,,春原 心奈,春原 ココナ,春原 心菜,Sunohara Kokona,스노하라 코코나
NP0070,6,189,月雪 宫子（运动服）,月雪 宫子,运动服,月雪 宫子（运动服）,月雪 ミヤコ（运动服）,月雪 都子（运动服）,Tsukiyuki Miyako,츠키유키 미야코
miyako,6,345,月雪 宫子,月雪 宫子,,月雪 宫子,月雪 ミヤコ,月雪 都子,Tsukiyuki Miyako,츠키유키 미야코
NP0073,7,178,风仓 萌绘（运动服）,风仓 萌绘,运动服,风仓 萌绘（运动服）,風倉 モエ（运动服）,風倉 萌（运动服）,Kazekura Moe,카제쿠라 모에
moe,7,343,风仓 萌绘,风仓 萌绘,,风仓 萌绘,風倉 モエ,風倉 萌,Kazekura Moe,카제쿠라 모에
CH0144,8,138,空井 咲,空井 咲,,空井 咲,空井 サキ,空井 咲希,Sorai Saki,소라이 사키
NP0072,8,184,空井 咲（运动服）,空井 咲,运动服,空井 咲（运动服）,空井 サキ（运动服）,空井 咲希（运动服）,Sorai Saki,소라이 사키
CH0145,9,141,霞泽 美游,霞泽 美游,,霞泽 美游,霞沢 ミユ,霞沢 美優,Kasumizawa Miyu,카스미자와 미유
NP0071,9,185,霞泽 美游（运动服）,霞泽 美游,运动服,霞泽 美游（运动服）,霞沢 ミユ（运动服）,霞沢 美優（运动服）,Kasumizawa Miyu,카스미자와 미유
NP0227,10,849,栗村 爱莉（鬼屋装扮）,栗村 爱莉,鬼屋装扮,栗村 爱理（鬼屋装扮）,栗村 アイリ（鬼屋装扮）,栗村 愛莉（鬼屋装扮）,Kurimura Airi,쿠리무라 아이리
airi,10,36,栗村 爱莉,栗村 爱莉,,栗村 爱理,栗村 アイリ,栗村 愛莉,Kurimura Airi,쿠리무라 아이리
NP0014,11,295,狐坂 若藻（和服）,狐坂 若藻,和服,狐坂 若藻（和服）,狐坂 ワカモ（和服）,狐坂 若藻（和服）,Kosaka Wakamo,코사카 와카모
wakamo,11,8,狐坂 若藻,狐坂 若藻,,狐坂 若藻,狐坂 ワカモ,狐坂 若藻,Kosaka Wakamo,코사카 와카모
wakamo_mask,11,18,狐坂 若藻（面具）,狐坂 若藻,面具,狐坂 若藻（面具）,狐坂 ワカモ（面具）,狐坂 若藻（面具）,Kosaka Wakamo,코사카 와카모
NP0256,12,1166,阿里乌斯学生A（无面罩）,阿里乌斯学生A,无面罩,,アリウスの生徒A（无面罩）,,Arius_GL1,
arius_gl1,12,57,阿里乌斯学生A,阿里乌斯学生A,,,アリウスの生徒A,,Arius_GL1,
automata_decagrammaton1,13,66,神名十字机器人A,神名十字机器人A,,,Automata_Decagrammaton1,,,
automata_kurokamegumi1,14,68,黑龟组机器人A,黑龟组机器人A,,,Automata_Kurokamegumi1_spr,,,
automata_pmc1,15,70,凯撒机器人A,凯撒机器人A,,,Automata_PMC1,,,
NP0040,17,258,联邦学生会长,联邦学生会长,,联邦理事会长,連邦生徒会長,聯邦學生會長,GSC President,총학생회장
sena,18,49,冰室 濑名,冰室 濑名,,冰室 濑名,氷室 セナ,氷室 瀬奈,Himuro Sena,히무로 세나
NP0011,19,300,戈尔孔达&印花釉法,戈尔孔达&印花釉法,,戈尔孔达&德卡考马尼,ゴルコンダ&デカルコマニー,戈爾孔特&轉印,Golconde&Decalcomania,골콩트&데칼코마니
CH0160,20,152,各务 千寻,各务 千寻,,各务 千寻,各務 チヒロ,各務 千尋,Kagami Chihiro,카가미 치히로
mimori,22,353,水羽 弥守,水羽 弥守,,水羽 三森,水羽 ミモリ,水羽 三森,Mizuha Mimori,미즈하 미모리
CH0169,23,165,古关 忧,古关 忧,,古关 忧,古関 ウイ,古関 憂,Kozeki Ui,코제키 우이
akane,24,38,室笠 茜,室笠 茜,,室笠 茜,室笠 アカネ,室笠 朱音,Murokasa Akane,무로카사 아카네
NP0083,25,157,桐藤 渚（站立）,桐藤 渚,站立,桐藤 渚（站立）,桐藤 ナギサ（站立）,桐藤 渚（站立）,Kirifuji Nagisa,키리후지 나기사
nagisa,25,329,桐藤 渚,桐藤 渚,,桐藤 渚,桐藤 ナギサ,桐藤 渚,Kirifuji Nagisa,키리후지 나기사
nagisa_old,25,637,桐藤 渚,桐藤 渚,,桐藤 渚,桐藤 ナギサ,桐藤 渚,Kirifuji Nagisa,키리후지 나기사
hinata,26,287,若叶 日向,若叶 日向,,若叶 日向,若葉 ヒナタ,若葉 日向,Wakaba Hinata,와카바 히나타
NP0236,27,908,才羽 绿（防寒服）,才羽 绿,防寒服,才羽 绿（防寒服）,才羽 ミドリ（防寒服）,才羽 綠（防寒服）,Saiba Midori,사이바 미도리
midori,27,1162,才羽 绿,才羽 绿,,才羽 绿,才羽 ミドリ,才羽 綠,Saiba Midori,사이바 미도리
CH0095,28,109,生盐 诺亚,生盐 诺亚,,生盐 诺亚,生塩 ノア,生塩 乃愛,Ushio Noa,우시오 노아
NP0043,28,253,生盐 诺亚（运动服）,生盐 诺亚,运动服,生盐 诺亚（运动服）,生塩 ノア（运动服）,生塩 乃愛（运动服）,Ushio Noa,우시오 노아
NP0054,29,232,勇美 枫（运动服）,勇美 枫,运动服,勇美 枫（运动服）,勇美 カエデ（运动服）,勇美 楓（运动服）,Isami Kaede,이사미 카에데
kaede,29,314,勇美 枫,勇美 枫,,勇美 枫,勇美 カエデ,勇美 楓,Isami Kaede,이사미 카에데
CH0201,30,832,才羽 桃井（女仆）,才羽 桃井,女仆,才羽 桃（女仆）,才羽 モモイ（メイド）,才羽 桃井（女僕）,Saiba Momoi,사이바 모모이
CH0202,31,217,才羽 绿（女仆）,才羽 绿,女仆,才羽 绿（女仆）,才羽 ミドリ（メイド）,才羽 綠（女僕）,Saiba Midori,사이바 미도리
CH0114,32,122,大野 月咏,大野 月咏,,大野 月咏,大野 ツクヨ,大野 月夜,Ōno Tsukuyo,오노 츠쿠요
NP0056,32,230,大野 月咏（运动服）,大野 月咏,运动服,大野 月咏（运动服）,大野 ツクヨ（运动服）,大野 月夜（运动服）,Ōno Tsukuyo,오노 츠쿠요
misaki,33,346,戒野 美咲,戒野 美咲,,戒野 美咲,戒野 ミサキ,戒野 美咲,Imashino Misaki,이마시노 미사키
hiyori,34,290,槌永 日和,槌永 日和,,槌永 日和,槌永 ヒヨリ,槌永 日和,Tsuchinaga Hiyori,츠치나가 히요리
NP0021,35,282,秤 亚津子（战损）,秤 亚津子,战损,秤 亚津子（战损）,秤 アツコ（战损）,秤 敦子（战损）,Hakari Atsuko,하카리 아츠코
NP0077,35,170,秤 亚津子（紧身衣）,秤 亚津子,紧身衣,秤 亚津子（紧身衣）,秤 アツコ（紧身衣）,秤 敦子（紧身衣）,Hakari Atsuko,하카리 아츠코
atsuko,35,64,秤 亚津子,秤 亚津子,,秤 亚津子,秤 アツコ,秤 敦子,Hakari Atsuko,하카리 아츠코
NP0012,36,298,锭前 纱织（战损）,锭前 纱织,战损,锭前 纱织（战损）,錠前 サオリ（战损）,錠前 沙織（战损）,Jomae Saori,조마에 사오리
NP0103,36,111,锭前 纱织（头盔）,锭前 纱织,头盔,锭前 纱织（头盔）,錠前 サオリ（头盔）,錠前 沙織（头盔）,Jomae Saori,조마에 사오리
saori,36,55,锭前 纱织,锭前 纱织,,锭前 纱织,錠前 サオリ,錠前 沙織,Jomae Saori,조마에 사오리
NP0226,37,848,杏山 和纱（鬼屋装扮）,杏山 和纱,鬼屋装扮,杏山 和纱（鬼屋装扮）,杏山 カズサ（鬼屋装扮）,杏山 千紗（鬼屋装扮）,Kyoyama Kazusa,쿄야마 카즈사
kazusa,37,330,杏山 和纱,杏山 和纱,,杏山 和纱,杏山 カズサ,杏山 千紗,Kyoyama Kazusa,쿄야마 카즈사
CH0156,38,145,枣 伊吕波,枣 伊吕波,,枣 伊吕波,棗 イロハ,棗 伊呂波,Natsume Iroha,나츠메 이로하
NP0019,39,286,天雨 亚子（战损）,天雨 亚子,战损,天雨 亚子（战损）,天雨 アコ（战损）,天雨 亞子（战损）,Amau Ako,아마우 아코
NP0059,39,221,天雨 亚子（运动服）,天雨 亚子,运动服,天雨 亚子（运动服）,天雨 アコ（运动服）,天雨 亞子（运动服）,Amau Ako,아마우 아코
NP0111,39,89,天雨 亚子（领航服）,天雨 亚子,领航服,天雨 亚子（领航服）,天雨 アコ（领航服）,天雨 亞子（领航服）,Amau Ako,아마우 아코
ako,39,43,天雨 亚子,天雨 亚子,,天雨 亚子,天雨 アコ,天雨 亞子,Amau Ako,아마우 아코
CH0092,40,108,十六夜 野宫（泳装）,十六夜 野宫,泳装,十六夜 野宫（泳装）,十六夜 ノノミ（水着）,十六夜 野乃美（泳裝）,Izayoi Nonomi,이자요이 노노미
NP0067,40,204,"十六夜 野宫（泳装,头套）",十六夜 野宫,"泳装,头套","十六夜 野宫（泳装,头套）","十六夜 ノノミ（水着,头套）","十六夜 野乃美（泳裝,头套）",Izayoi Nonomi,이자요이 노노미
CH0175,41,177,狐坂 若藻（泳装）,狐坂 若藻,泳装,狐坂 若藻（泳装）,狐坂 ワカモ（水着）,狐坂 若藻（泳裝）,Kosaka Wakamo,코사카 와카모
NP0063,42,213,"小鸟游 星野（泳装,头套）",小鸟游 星野,"泳装,头套","小鸟游 星野（泳装,头套）","小鳥遊 ホシノ（水着,头套）","小鳥遊 星野（泳裝,头套）",Takanashi Hoshino,타카나시 호시노
hoshino_swimsuit,42,297,小鸟游 星野（泳装）,小鸟游 星野,泳装,小鸟游 星野（泳装）,小鳥遊 ホシノ（水着）,小鳥遊 星野（泳裝）,Takanashi Hoshino,타카나시 호시노
CH0070,43,355,百合园 圣娅,百合园 圣娅,,百合园 圣娅,百合園 セイア,百合園 聖亞,Yurizono Seia,유리조노 세이아
NP0244,43,898,百合园 圣娅（纸箱）,百合园 圣娅,纸箱,百合园 圣娅（纸箱）,百合園 セイア（纸箱）,百合園 聖亞（纸箱）,Yurizono Seia,유리조노 세이아
serika_newyear,44,48,黑见 芹香（正月）,黑见 芹香,正月,黑见 芹香（新年）,黒見 セリカ（正月）,黒見 茜香（正月）,Kuromi Serika,쿠로미 세리카
marina,45,344,池仓 玛丽娜,池仓 玛丽娜,,池仓 真里奈,池倉 マリナ,池倉 瑪麗娜,Ikekura Marina,이케쿠라 마리나
CH0179,46,182,久田 泉奈（泳装）,久田 泉奈,泳装,久田 泉奈（泳装）,久田 イズナ（水着）,久田 伊樹菜（泳裝）,Kuda Izuna,쿠다 이즈나
CH0176,47,179,奥空 绫音（泳装）,奥空 绫音,泳装,奥空 绫音（泳装）,奥空 アヤネ（水着）,奥空 綾音（泳裝）,Okusora Ayane,오쿠소라 아야네
NP0066,47,210,"奥空 绫音（泳装,头套）",奥空 绫音,"泳装,头套","奥空 绫音（泳装,头套）","奥空 アヤネ（水着,头套）","奥空 綾音（泳裝,头套）",Okusora Ayane,오쿠소라 아야네
CH0178,48,181,和乐 千世（泳装）,和乐 千世,泳装,和乐 千世（泳装）,和楽 チセ（水着）,和樂 知世（泳裝）,Waraku Chise,와라쿠 치세
CH0177,49,180,爱清 枫香（正月）,爱清 枫香,正月,爱清 风香（新年）,愛清 フウカ（正月）,愛清 風華（正月）,Aikiyo Fuuka,아이키요 후우카
CH0180,50,183,河和 静子（泳装）,河和 静子,泳装,河和 静子（泳装）,河和 シズコ（水着）,河和 靜子（泳裝）,Kawawa Shizuko,카와와 시즈코
CH0181,51,186,猫冢 响（应援团）,猫冢 响,应援团,猫冢 响（应援团）,猫塚 ヒビキ（応援団）,猫塚 響（應援團）,Nekozuka Hibiki,네코즈카 히비키
NP0109,52,95,早濑 优香（领航服）,早濑 优香,领航服,早濑 优香（领航服）,早瀬 ユウカ（领航服）,早瀬 優香（领航服）,Hayase Yuuka,하야세 유우카
yuuka,52,9,早濑 优香,早濑 优香,,早濑 优香,早瀬 ユウカ,早瀬 優香,Hayase Yuuka,하야세 유우카
CH0182,53,187,白石 歌原（应援团）,白石 歌原,应援团,白石 歌原（应援团）,白石 ウタハ（応援団）,白石 詠葉（應援團）,Shiraishi Utaha,시라이시 우타하
CH0184,54,190,早濑 优香（体操服）,早濑 优香,体操服,早濑 优香（体操服）,早瀬 ユウカ（体操服）,早瀬 優香（體育服）,Hayase Yuuka,하야세 유우카
CH0186,55,193,伊落 玛丽（体操服）,伊落 玛丽,体操服,伊落 玛丽（体操服）,伊落 マリー（体操服）,伊落 瑪麗（體育服）,Iochi Mari,이오치 마리
CH0183,56,188,水羽 弥守（泳装）,水羽 弥守,泳装,水羽 三森（泳装）,水羽 ミモリ（水着）,水羽 三森（泳裝）,Mizuha Mimori,미즈하 미모리
CH0185,57,191,丰见 小鸟（应援团）,丰见 小鸟,应援团,丰见 琴里（应援团）,豊見 コトリ（応援団）,豊見 亞都梨（應援團）,Toyomi Kotori,토요미 코토리
CH0188,58,195,砂狼 白子（泳装）,砂狼 白子,泳装,砂狼 白子（泳装）,砂狼 シロコ（水着）,砂狼 白子（泳裝）,Sunaookami Shiroko,스나오오카미 시로코
NP0064,58,212,"砂狼 白子（泳装,头套）",砂狼 白子,"泳装,头套","砂狼 白子（泳装,头套）","砂狼 シロコ（水着,头套）","砂狼 白子（泳裝,头套）",Sunaookami Shiroko,스나오오카미 시로코
CH0189,59,197,黑见 芹香（泳装）,黑见 芹香,泳装,黑见 芹香（泳装）,黒見 セリカ（水着）,黒見 茜香（泳裝）,Kuromi Serika,쿠로미 세리카
NP0065,59,211,"黑见 芹香（泳装,头套）",黑见 芹香,"泳装,头套","黑见 芹香（泳装,头套）","黒見 セリカ（水着,头套）","黒見 茜香（泳裝,头套）",Kuromi Serika,쿠로미 세리카
CH0190,60,198,羽川 莲见（体操服）,羽川 莲见,体操服,羽川 莲见（体操服）,羽川 ハスミ（体操服）,羽川 蓮實（體育服）,Hanekawa Hasumi,하네카와 하스미
CH0139,61,134,龙华 妃咲,龙华 妃咲,,龙华 妃咲,竜華 キサキ,龍華 妃姬,Ryuuge Kisaki,류우게 키사키
NP0216,61,823,龙华 妃咲（幼儿园）,龙华 妃咲,幼儿园,龙华 妃咲（幼儿园）,竜華 キサキ（幼儿园）,龍華 妃姬（幼儿园）,Ryuuge Kisaki,류우게 키사키
CH0159,62,150,明星 日鞠,明星 日鞠,,明星 日鞠,明星 ヒマリ,明星 陽葵,Akeboshi Himari,아케보시 히마리
NP0112,62,88,明星 日鞠（领航服）,明星 日鞠,领航服,明星 日鞠（领航服）,明星 ヒマリ（领航服）,明星 陽葵（领航服）,Akeboshi Himari,아케보시 히마리
NP0161,62,644,明星 日鞠（防寒棉袄）,明星 日鞠,防寒棉袄,明星 日鞠（防寒棉袄）,明星 ヒマリ（防寒棉袄）,明星 陽葵（防寒棉袄）,Akeboshi Himari,아케보시 히마리
CH0141,63,136,合欢垣 吹雪,合欢垣 吹雪,,合欢垣 吹雪,合歓垣 フブキ,合歓垣 吹雪,Nemugaki Fubuki,네무가키 후부키
NP0219,63,842,合欢垣 吹雪（偶像服）,合欢垣 吹雪,偶像服,合欢垣 吹雪（偶像服）,合歓垣 フブキ（偶像服）,合歓垣 吹雪（偶像服）,Nemugaki Fubuki,네무가키 후부키
CH0171,64,169,七度 雪乃,七度 雪乃,,七度 雪乃,七度 ユキノ,七度 雪乃,Shichido Yukino,시치도 유키노
CH0172,65,171,妮可,妮可,,妮可,ニコ,仁子,Niko,니코
NP0139,65,533,妮可（无武器）,妮可,无武器,妮可（无武器）,ニコ（无武器）,仁子（无武器）,Niko,니코
CH0173,66,173,胡桃,胡桃,,胡桃,クルミ,胡桃,Kurumi,쿠루미
NP0140,66,534,胡桃（无武器）,胡桃,无武器,胡桃（无武器）,クルミ（无武器）,胡桃（无武器）,Kurumi,쿠루미
CH0174,67,175,音葵,音葵,,御伽,オトギ,御伽,Otogi,오토기
NP0141,67,535,音葵（无武器）,音葵,无武器,御伽（无武器）,オトギ（无武器）,御伽（无武器）,Otogi,오토기
CH9999,68,224,初音未来,初音未来,,初音 未来,初音 ミク,初音 未來,Hatsune Miku,하츠네 미쿠
hibiki,69,279,猫冢 响,猫冢 响,,猫冢 响,猫塚 ヒビキ,猫塚 響,Nekozuka Hibiki,네코즈카 히비키
CH0058,70,85,阿慈谷 日富美（泳装）,阿慈谷 日富美,泳装,阿慈谷 日富美（泳装）,阿慈谷 ヒフミ（水着）,阿慈谷 日步美（泳裝）,Ajitani Hifumi,아지타니 히후미
NP0009,71,303,空崎 日奈（睡衣）,空崎 日奈,睡衣,空崎 日奈（睡衣）,空崎 ヒナ（睡衣）,空崎 陽奈（睡衣）,Sorasaki Hina,소라사키 히나
NP0017,71,291,空崎 日奈（战损）,空崎 日奈,战损,空崎 日奈（战损）,空崎 ヒナ（战损）,空崎 陽奈（战损）,Sorasaki Hina,소라사키 히나
hina,71,288,空崎 日奈,空崎 日奈,,空崎 日奈,空崎 ヒナ,空崎 陽奈,Sorasaki Hina,소라사키 히나
iori,72,302,银镜 伊织,银镜 伊织,,银镜 伊织,銀鏡 イオリ,銀鏡 伊織,Shiromi Iori,시로미 이오리
NP0051,73,236,狮子堂 泉（运动服）,狮子堂 泉,运动服,狮子堂 泉（运动服）,獅子堂 イズミ（运动服）,獅子堂 泉（运动服）,Shishido Izumi,시시도우 이즈미
izumi,73,304,狮子堂 泉,狮子堂 泉,,狮子堂 泉,獅子堂 イズミ,獅子堂 泉,Shishido Izumi,시시도우 이즈미
NP0005,74,311,阿慈谷 日富美（运动服）,阿慈谷 日富美,运动服,阿慈谷 日富美（运动服）,阿慈谷 ヒフミ（运动服）,阿慈谷 日步美（运动服）,Ajitani Hifumi,아지타니 히후미
NP0006,74,309,阿慈谷 日富美（学校泳装）,阿慈谷 日富美,学校泳装,阿慈谷 日富美（学校泳装）,阿慈谷 ヒフミ（学校泳装）,阿慈谷 日步美（学校泳装）,Ajitani Hifumi,아지타니 히후미
hihumi,74,284,阿慈谷 日富美,阿慈谷 日富美,,阿慈谷 日富美,阿慈谷 ヒフミ,阿慈谷 日步美,Ajitani Hifumi,아지타니 히후미
hihumi_robber,74,283,阿慈谷 日富美（头套）,阿慈谷 日富美,头套,阿慈谷 日富美（头套）,阿慈谷 ヒフミ（头套）,阿慈谷 日步美（头套）,Ajitani Hifumi,아지타니 히후미
izumi_swimsuit,75,306,狮子堂 泉（泳装）,狮子堂 泉,泳装,狮子堂 泉（泳装）,獅子堂 イズミ（水着）,獅子堂 泉（泳裝）,Shishido Izumi,시시도우 이즈미
NP0045,76,249,小鸟游 星野（运动服）,小鸟游 星野,运动服,小鸟游 星野（运动服）,小鳥遊 ホシノ（运动服）,小鳥遊 星野（运动服）,Takanashi Hoshino,타카나시 호시노
NP0173,76,700,小鸟游 星野（冬装）,小鸟游 星野,冬装,小鸟游 星野（冬装）,小鳥遊 ホシノ（冬装）,小鳥遊 星野（冬装）,Takanashi Hoshino,타카나시 호시노
NP0204,76,701,"小鸟游 星野（冬装,无围巾）",小鸟游 星野,"冬装,无围巾","小鸟游 星野（冬装,无围巾）","小鳥遊 ホシノ（冬装,无围巾）","小鳥遊 星野（冬装,无围巾）",Takanashi Hoshino,타카나시 호시노
hoshino,76,294,小鸟游 星野,小鸟游 星野,,小鸟游 星野,小鳥遊 ホシノ,小鳥遊 星野,Takanashi Hoshino,타카나시 호시노
hoshino_robber,76,292,小鸟游 星野（头套）,小鸟游 星野,头套,小鸟游 星野（头套）,小鳥遊 ホシノ（头套）,小鳥遊 星野（头套）,Takanashi Hoshino,타카나시 호시노
CH0187,77,194,飞鸟马 时,飞鸟马 时,,飞鸟马 时,飛鳥馬 トキ,飛鳥馬 季,Asuma Toki,아스마 토키
NP0078,77,168,飞鸟马 时（战斗模式）,飞鸟马 时,战斗模式,飞鸟马 时（战斗模式）,飛鳥馬 トキ（战斗模式）,飛鳥馬 季（战斗模式）,Asuma Toki,아스마 토키
NP0079,77,166,飞鸟马 时（阿比舒机甲）,飞鸟马 时,阿比舒机甲,飞鸟马 时（阿比舒机甲）,飛鳥馬 トキ（阿比舒机甲）,飛鳥馬 季（阿比舒机甲）,Asuma Toki,아스마 토키
NP0080,77,164,飞鸟马 时（包扎）,飞鸟马 时,包扎,飞鸟马 时（包扎）,飛鳥馬 トキ（包扎）,飛鳥馬 季（包扎）,Asuma Toki,아스마 토키
NP0123,77,74,"飞鸟马 时（战损,机甲）",飞鸟马 时,"战损,机甲","飞鸟马 时（战损,机甲）","飛鳥馬 トキ（战损,机甲）","飛鳥馬 季（战损,机甲）",Asuma Toki,아스마 토키
NP0044,78,251,十六夜 野宫（运动服）,十六夜 野宫,运动服,十六夜 野宫（运动服）,十六夜 ノノミ（运动服）,十六夜 野乃美（运动服）,Izayoi Nonomi,이자요이 노노미
NP0171,78,699,十六夜 野宫（冬装）,十六夜 野宫,冬装,十六夜 野宫（冬装）,十六夜 ノノミ（冬装）,十六夜 野乃美（冬装）,Izayoi Nonomi,이자요이 노노미
NP0176,78,755,十六夜 野宫（战损）,十六夜 野宫,战损,十六夜 野宫（战损）,十六夜 ノノミ（战损）,十六夜 野乃美（战损）,Izayoi Nonomi,이자요이 노노미
NP0195,78,744,十六夜 野宫（一年级）,十六夜 野宫,一年级,十六夜 野宫（一年级）,十六夜 ノノミ（一年级）,十六夜 野乃美（一年级）,Izayoi Nonomi,이자요이 노노미
nonomi,78,321,十六夜 野宫,十六夜 野宫,,十六夜 野宫,十六夜 ノノミ,十六夜 野乃美,Izayoi Nonomi,이자요이 노노미
nonomi_robber,78,323,十六夜 野宫（头套）,十六夜 野宫,头套,十六夜 野宫（头套）,十六夜 ノノミ（头套）,十六夜 野乃美（头套）,Izayoi Nonomi,이자요이 노노미
NP0062,79,214,静山 真白（运动服）,静山 真白,运动服,静山 真白（运动服）,静山 マシロ（运动服）,靜山 麻白（运动服）,Shizuyama Mashiro,시즈야마 마시로
mashiro,79,350,静山 真白,静山 真白,,静山 真白,静山 マシロ,靜山 麻白,Shizuyama Mashiro,시즈야마 마시로
mashiro_swimsuit,80,351,静山 真白（泳装）,静山 真白,泳装,静山 真白（泳装）,静山 マシロ（水着）,靜山 麻白（泳裝）,Shizuyama Mashiro,시즈야마 마시로
NP0237,81,909,花冈 柚子（防寒服）,花冈 柚子,防寒服,花冈 柚子（防寒服）,花岡 ユズ（防寒服）,花岡 柚子（防寒服）,Hanaoka Yuzu,하나오카 유즈
yuzu,81,11,花冈 柚子,花冈 柚子,,花冈 柚子,花岡 ユズ,花岡 柚子,Hanaoka Yuzu,하나오카 유즈
CH0203,82,218,花冈 柚子（女仆）,花冈 柚子,女仆,花冈 柚子（女仆）,花岡 ユズ（メイド）,花岡 柚子（女僕）,Hanaoka Yuzu,하나오카 유즈
NP0126,82,69,"花冈 柚子（女仆,箱子）",花冈 柚子,"女仆,箱子","花冈 柚子（女仆,箱子）","花岡 ユズ（メイド,箱子）","花岡 柚子（女僕,箱子）",Hanaoka Yuzu,하나오카 유즈
NP0047,83,246,黑见 芹香（运动服）,黑见 芹香,运动服,黑见 芹香（运动服）,黒見 セリカ（运动服）,黒見 茜香（运动服）,Kuromi Serika,쿠로미 세리카
NP0175,83,747,黑见 芹香（战损）,黑见 芹香,战损,黑见 芹香（战损）,黒見 セリカ（战损）,黒見 茜香（战损）,Kuromi Serika,쿠로미 세리카
NP0217,83,840,黑见 芹香（偶像服）,黑见 芹香,偶像服,黑见 芹香（偶像服）,黒見 セリカ（偶像服）,黒見 茜香（偶像服）,Kuromi Serika,쿠로미 세리카
serika,83,44,黑见 芹香,黑见 芹香,,黑见 芹香,黒見 セリカ,黒見 茜香,Kuromi Serika,쿠로미 세리카
serika_robber,83,46,黑见 芹香（头套）,黑见 芹香,头套,黑见 芹香（头套）,黒見 セリカ（头套）,黒見 茜香（头套）,Kuromi Serika,쿠로미 세리카
serika_shibaseki,83,45,黑见 芹香（打工制服）,黑见 芹香,打工制服,黑见 芹香（打工制服）,黒見 セリカ（打工制服）,黒見 茜香（打工制服）,Kuromi Serika,쿠로미 세리카
NP0055,84,231,和乐 千世（运动服）,和乐 千世,运动服,和乐 千世（运动服）,和楽 チセ（运动服）,和樂 知世（运动服）,Waraku Chise,와라쿠 치세
chise,84,227,和乐 千世,和乐 千世,,和乐 千世,和楽 チセ,和樂 知世,Waraku Chise,와라쿠 치세
NP0048,85,244,奥空 绫音（运动服）,奥空 绫音,运动服,奥空 绫音（运动服）,奥空 アヤネ（运动服）,奥空 綾音（运动服）,Okusora Ayane,오쿠소라 아야네
NP0108,85,96,奥空 绫音（领航服）,奥空 绫音,领航服,奥空 绫音（领航服）,奥空 アヤネ（领航服）,奥空 綾音（领航服）,Okusora Ayane,오쿠소라 아야네
NP0174,85,746,奥空 绫音（战损）,奥空 绫音,战损,奥空 绫音（战损）,奥空 アヤネ（战损）,奥空 綾音（战损）,Okusora Ayane,오쿠소라 아야네
NP0218,85,841,奥空 绫音（偶像服）,奥空 绫音,偶像服,奥空 绫音（偶像服）,奥空 アヤネ（偶像服）,奥空 綾音（偶像服）,Okusora Ayane,오쿠소라 아야네
ayane,85,75,奥空 绫音,奥空 绫音,,奥空 绫音,奥空 アヤネ,奥空 綾音,Okusora Ayane,오쿠소라 아야네
ayane_robber,85,72,奥空 绫音（头套）,奥空 绫音,头套,奥空 绫音（头套）,奥空 アヤネ（头套）,奥空 綾音（头套）,Okusora Ayane,오쿠소라 아야네
NP0046,86,247,砂狼 白子（运动服）,砂狼 白子,运动服,砂狼 白子（运动服）,砂狼 シロコ（运动服）,砂狼 白子（运动服）,Sunaookami Shiroko,스나오오카미 시로코
NP0124,86,73,砂狼 白子（战损）,砂狼 白子,战损,砂狼 白子（战损）,砂狼 シロコ（战损）,砂狼 白子（战损）,Sunaookami Shiroko,스나오오카미 시로코
NP0172,86,743,砂狼 白子（一年级）,砂狼 白子,一年级,砂狼 白子（一年级）,砂狼 シロコ（一年级）,砂狼 白子（一年级）,Sunaookami Shiroko,스나오오카미 시로코
shiroko,86,32,砂狼 白子,砂狼 白子,,砂狼 白子,砂狼 シロコ,砂狼 白子,Sunaookami Shiroko,스나오오카미 시로코
shiroko_robber,86,33,砂狼 白子（头套）,砂狼 白子,头套,砂狼 白子（头套）,砂狼 シロコ（头套）,砂狼 白子（头套）,Sunaookami Shiroko,스나오오카미 시로코
shiroko_ridingsuit,87,34,砂狼 白子（骑行服）,砂狼 白子,骑行服,砂狼 白子（骑行）,砂狼 シロコ（ライディング）,砂狼 白子（單車）,Sunaookami Shiroko,스나오오카미 시로코
saya,88,52,药子 纱绫,药子 纱绫,,药子 纱绫,薬子 サヤ,薬子 沙耶,Yakushi Saya,야쿠시 사야
saya_casual,89,54,药子 纱绫（私服）,药子 纱绫,私服,药子 纱绫（便服）,薬子 サヤ（私服）,薬子 沙耶（私服）,Yakushi Saya,야쿠시 사야
shun,90,30,春原 瞬,春原 瞬,,春原 瞬,春原 シュン,春原 旬,Sunohara Shun,스노하라 슌
NP0075,91,174,"鹫见 芹娜（护士服,运动会）",鹫见 芹娜,"护士服,运动会","鹫见 芹娜（护士服,运动会）","鷲見 セリナ（护士服,运动会）","鷲見 芹奈（护士服,运动会）",Sumi Serina,스미 세리나
serina,91,42,鹫见 芹娜,鹫见 芹娜,,鹫见 芹娜,鷲見 セリナ,鷲見 芹奈,Sumi Serina,스미 세리나
NP0003,92,315,浦和 花子（运动服）,浦和 花子,运动服,浦和 花子（运动服）,浦和 ハナコ（运动服）,浦和 花子（运动服）,Urawa Hanako,우라와 하나코
NP0004,92,313,浦和 花子（学校泳装）,浦和 花子,学校泳装,浦和 花子（学校泳装）,浦和 ハナコ（学校泳装）,浦和 花子（学校泳装）,Urawa Hanako,우라와 하나코
NP0110,92,90,浦和 花子（领航服）,浦和 花子,领航服,浦和 花子（领航服）,浦和 ハナコ（领航服）,浦和 花子（领航服）,Urawa Hanako,우라와 하나코
hanako,92,265,浦和 花子,浦和 花子,,浦和 花子,浦和 ハナコ,浦和 花子,Urawa Hanako,우라와 하나코
tsubaki,93,22,春日 椿,春日 椿,,春日 椿,春日 ツバキ,春日 椿,Kasuga Tsubaki,카스가 츠바키
NP0058,94,225,剑先 鹤城（运动服）,剑先 鹤城,运动服,剑先 鹤城（运动服）,剣先 ツルギ（运动服）,劍先 弦生（运动服）,Kenzaki Tsurugi,켄자키 츠루기
NP0223,94,846,剑先 鹤城（演出服）,剑先 鹤城,演出服,剑先 鹤城（演出服）,剣先 ツルギ（演出服）,劍先 弦生（演出服）,Kenzaki Tsurugi,켄자키 츠루기
tsurugi,94,21,剑先 鹤城,剑先 鹤城,,剑先 鹤城,剣先 ツルギ,劍先 弦生,Kenzaki Tsurugi,켄자키 츠루기
tomoe,95,23,佐城 智惠,佐城 智惠,,佐城 巴,佐城 トモエ,佐城 智惠,Sashiro Tomoe,사시로 토모에
NP0053,96,233,河和 静子（运动服）,河和 静子,运动服,河和 静子（运动服）,河和 シズコ（运动服）,河和 靜子（运动服）,Kawawa Shizuko,카와와 시즈코
shizuko,96,31,河和 静子,河和 静子,,河和 静子,河和 シズコ,河和 靜子,Kawawa Shizuko,카와와 시즈코
fuuka,97,257,爱清 枫香,爱清 枫香,,爱清 风香,愛清 フウカ,愛清 風華,Aikiyo Fuuka,아이키요 후우카
NP0076,98,172,朝颜 花江（应援团）,朝颜 花江,应援团,朝颜 花江（应援团）,朝顔 ハナエ（应援团）,朝顏 花繪（应援团）,Asagao Hanae,아사가오 하나에
hanae,98,262,朝颜 花江,朝颜 花江,,朝颜 花江,朝顔 ハナエ,朝顏 花繪,Asagao Hanae,아사가오 하나에
mari,99,347,伊落 玛丽,伊落 玛丽,,伊落 玛丽,伊落 マリー,伊落 瑪麗,Iochi Mari,이오치 마리
NP0220,100,843,中务 桐乃（偶像服）,中务 桐乃,偶像服,中务 桐乃（偶像服）,中務 キリノ（偶像服）,中務 桐乃（偶像服）,Nakatsukasa Kirino,나카츠카사 키리노
kirino,100,333,中务 桐乃,中务 桐乃,,中务 桐乃,中務 キリノ,中務 桐乃,Nakatsukasa Kirino,나카츠카사 키리노
CH0198,101,207,黑崎 小雪,黑崎 小雪,,黑崎 小雪,黒崎 コユキ,黒崎 小雪,Kurosaki Koyuki,쿠로사키 코유키
aru_newyear,102,47,陆八魔 阿露（正月）,陆八魔 阿露,正月,陆八魔 爱露（新年）,陸八魔 アル（正月）,陸八魔 亞瑠（正月）,Rikuhachima Aru,리쿠하치마 아루
NP0049,103,241,赤司 纯子（运动服）,赤司 纯子,运动服,赤司 纯子（运动服）,赤司 ジュンコ（运动服）,赤司 淳子（运动服）,Akashi Junko,아카시 준코
zunko,103,10,赤司 纯子,赤司 纯子,,赤司 纯子,赤司 ジュンコ,赤司 淳子,Akashi Junko,아카시 준코
arona,104,2,阿罗娜,阿罗娜,,阿洛娜,アロナ,彩奈,Arona,아로나
sora,105,28,空,空,,空,ソラ,空,Sora,소라
shigure,106,39,间宵 时雨,间宵 时雨,,间宵 时雨,間宵 シグレ,間宵 時雨,Mayoi Shigure,마요이 시구레
mutsuki,107,332,浅黄 睦月,浅黄 睦月,,浅黄 睦月,浅黄 ムツキ,淺黃 無月,Asagi Mutsuki,아사기 무츠키
NP0234,108,906,天童 爱丽丝（防寒服）,天童 爱丽丝,防寒服,天童 爱丽丝（防寒服）,天童 アリス（防寒服）,天童 愛麗絲（防寒服）,Tendou Aris,텐도 아리스
aris,108,1,天童 爱丽丝,天童 爱丽丝,,天童 爱丽丝,天童 アリス,天童 愛麗絲,Tendou Aris,텐도 아리스
aris_noweapon,108,53,天童 爱丽丝（无武器）,天童 爱丽丝,无武器,天童 爱丽丝（无武器）,天童 アリス（无武器）,天童 愛麗絲（无武器）,Tendou Aris,텐도 아리스
CH0066,109,94,春原 瞬（幼女）,春原 瞬,幼女,春原 瞬（小）,春原 シュン（幼女）,春原 旬（幼女）,Sunohara Shun,스노하라 슌
NP0068,110,196,鳄渊 明里（运动服）,鳄渊 明里,运动服,鳄渊 明里（运动服）,鰐渕 アカリ（运动服）,鰐渕 亞伽里（运动服）,Wanibuchi Akari,와니부치 아카리
akari,110,41,鳄渊 明里,鳄渊 明里,,鳄渊 明里,鰐渕 アカリ,鰐渕 亞伽里,Wanibuchi Akari,와니부치 아카리
hasumi,111,4,羽川 莲见,羽川 莲见,,羽川 莲见,羽川 ハスミ,羽川 蓮實,Hanekawa Hasumi,하네카와 하스미
aru,112,60,陆八魔 阿露,陆八魔 阿露,,陆八魔 爱露,陸八魔 アル,陸八魔 亞瑠,Rikuhachima Aru,리쿠하치마 아루
NP0081,113,161,一之濑 明日奈（制服）,一之濑 明日奈,制服,一之濑 明日奈（制服）,一之瀬 アスナ（制服）,一之瀬 明日奈（制服）,Ichinose Asuna,이치노세 아스나
asuna,113,62,一之濑 明日奈,一之濑 明日奈,,一之濑 明日奈,一之瀬 アスナ,一之瀬 明日奈,Ichinose Asuna,이치노세 아스나
CH0071,114,97,仲正 一花,仲正 一花,,仲正 一花,仲正 イチカ,仲正 一花,Nakamasa ichika,나카마사 이치카
NP0222,114,845,仲正 一花（燕尾服）,仲正 一花,燕尾服,仲正 一花（燕尾服）,仲正 イチカ（燕尾服）,仲正 一花（燕尾服）,Nakamasa ichika,나카마사 이치카
CH0079,115,99,羽沼 真琴,羽沼 真琴,,羽沼 真琴,羽沼 マコト,羽沼 真琴,Hanuma Makoto,하누마 마코토
CH0253,115,660,羽沼 真琴（礼服）,羽沼 真琴,礼服,羽沼 真琴（礼服）,羽沼 マコト（礼服）,羽沼 真琴（礼服）,Hanuma Makoto,하누마 마코토
CH0089,116,663,鬼怒川 霞,鬼怒川 霞,,鬼怒川 霞,鬼怒川 カスミ,鬼怒川 佳澄,Kinugawa Kasumi,키누가와 카스미
chinatsu,117,3,火宫 千夏,火宫 千夏,,火宫 千夏,火宮 チナツ,火宮 千夏,Hinomiya Chinatsu,히노미야 치나츠
NP0225,118,847,伊原木 好美（鬼屋装扮）,伊原木 好美,鬼屋装扮,伊原木 好美（鬼屋装扮）,伊原木 ヨシミ（鬼屋装扮）,伊原木 喜美（鬼屋装扮）,Ibaragi Yoshimi,이바라기 요시미
yoshimi,118,15,伊原木 好美,伊原木 好美,,伊原木 好美,伊原木 ヨシミ,伊原木 喜美,Ibaragi Yoshimi,이바라기 요시미
nodoka,119,325,天见 和香,天见 和香,,天见 和香,天見 ノドカ,天見 和香,Amami Nodoka,아마미 노도카
CH0165,120,862,天见 和香（温泉）,天见 和香,温泉,天见 和香（温泉）,天見 ノドカ（温泉）,天見 和香（溫泉）,Amami Nodoka,아마미 노도카
CH0063,121,92,空崎 日奈（泳装）,空崎 日奈,泳装,空崎 日奈（泳装）,空崎 ヒナ（水着）,空崎 陽奈（泳裝）,Sorasaki Hina,소라사키 히나
CH0064,122,93,银镜 伊织（泳装）,银镜 伊织,泳装,银镜 伊织（泳装）,銀鏡 イオリ（水着）,銀鏡 伊織（泳裝）,Shiromi Iori,시로미 이오리
CH0086,123,102,鬼方 佳代子（正月）,鬼方 佳代子,正月,鬼方 佳代子（新年）,鬼方 カヨコ（正月）,鬼方 佳世子（正月）,Onikata Kayoko,오니카타 카요코
CH0087,124,103,伊草 遥香（正月）,伊草 遥香,正月,伊草 春香（新年）,伊草 ハルカ（正月）,伊草 遙香（正月）,Igusa Haruka,이구사 하루카
NP0113,125,87,黑服（战损）,黑服,战损,黑服（战损）,黒服（战损）,黑色西裝人（战损）,Black Suit,검은 양복
blacksuit,125,81,黑服,黑服,,黑服,黒服,黑色西裝人,Black Suit,검은 양복
CH0109,126,117,天地 尼娅,天地 尼娅,,天地 尼娅,天地 ニヤ,天地 仁耶,Amachi Niya,아마치 니야
NP0248,126,990,天地 尼娅（战损）,天地 尼娅,战损,天地 尼娅（战损）,天地 ニヤ（战损）,天地 仁耶（战损）,Amachi Niya,아마치 니야
CH0110,127,688,里滨 海夏,里滨 海夏,,里浜 海香,里浜 ウミカ,里浜 海花,Satohama Umika,사토하마 우미카
CH0135,128,127,朱城 留美,朱城 留美,,朱城 瑠海,朱城 ルミ,朱城 瑠美,Akeshiro Rumi,아케시로 루미
NP0233,128,824,朱城 留美（幼儿园）,朱城 留美,幼儿园,朱城 瑠海（幼儿园）,朱城 ルミ（幼儿园）,朱城 瑠美（幼儿园）,Akeshiro Rumi,아케시로 루미
CH0152,129,142,苍森 美弥,苍森 美弥,,苍森 美祢,蒼森 ミネ,蒼森 美禰,Aomori Mine,아오모리 미네
CH0098,130,110,一之濑 明日奈（兔女郎）,一之濑 明日奈,兔女郎,一之濑 明日奈（邦妮）,一之瀬 アスナ（バニーガール）,一之瀬 明日奈（兔女郎）,Ichinose Asuna,이치노세 아스나
CH0138,131,133,近卫 南,近卫 南,,近卫 南,近衛 ミナ,近衛 美奈,Konoe Mina,코노에 미나
CH0099,132,112,室笠 茜（兔女郎）,室笠 茜,兔女郎,室笠 茜（邦妮）,室笠 アカネ（バニーガール）,室笠 朱音（兔女郎）,Murokasa Akane,무로카사 아카네
CH0158,133,147,调月 莉音,调月 莉音,,调月 莉音,調月 リオ,調月 莉央,Tsukatsuki Rio,츠카츠키 리오
NP0085,133,153,调月 莉音（AMAS战斗机器人）,调月 莉音,AMAS战斗机器人,调月 莉音（AMAS战斗机器人）,調月 リオ（AMAS战斗机器人）,調月 莉央（AMAS战斗机器人）,Tsukatsuki Rio,츠카츠키 리오
NP0122,133,76,调月 莉音（AMAS小机器人）,调月 莉音,AMAS小机器人,调月 莉音（AMAS小机器人）,調月 リオ（AMAS小机器人）,調月 莉央（AMAS小机器人）,Tsukatsuki Rio,츠카츠키 리오
NP0240,133,910,调月 莉音（防寒服）,调月 莉音,防寒服,调月 莉音（防寒服）,調月 リオ（防寒服）,調月 莉央（防寒服）,Tsukatsuki Rio,츠카츠키 리오
CH0166,134,162,河驹风 兰舞,河驹风 兰舞,,河驹风 兰舞,河駒風 ラブ,河驹风 良舞,Komakaze Rabu,코마카제 라브
NP0262,134,1182,河驹风 兰舞（玩偶装）,河驹风 兰舞,玩偶装,河驹风 兰舞（玩偶装）,河駒風 ラブ（玩偶装）,河驹风 良舞（玩偶装）,Komakaze Rabu,코마카제 라브
CH0199,135,208,砂狼 白子*恐怖,砂狼 白子*恐怖,,砂狼 白子*恐怖,砂狼 シロコ＊テラー,砂狼 白子*TERROR,Sunaookami Shiroko*terror,스나오오카미 시로코*테러
CH0263,135,776,砂狼 白子*恐怖（光环修复）,砂狼 白子*恐怖,光环修复,砂狼 白子*恐怖（光环修复）,砂狼 シロコ＊テラー（光环修复）,砂狼 白子*TERROR（光环修复）,Sunaookami Shiroko*terror,스나오오카미 시로코*테러
NP0125,135,71,砂狼 白子*恐怖（战损）,砂狼 白子*恐怖,战损,砂狼 白子*恐怖（战损）,砂狼 シロコ＊テラー（战损）,砂狼 白子*TERROR（战损）,Sunaookami Shiroko*terror,스나오오카미 시로코*테러
CH0254,136,661,丹花 伊吹（礼服）,丹花 伊吹,礼服,丹花 伊吹（礼服）,丹花 イブキ（礼服）,丹花 伊吹（礼服）,Tanga Ibuki,탄가 이부키
ibuki,136,299,丹花 伊吹,丹花 伊吹,,丹花 伊吹,丹花 イブキ,丹花 伊吹,Tanga Ibuki,탄가 이부키
CH0100,137,113,角楯 花凛（兔女郎）,角楯 花凛,兔女郎,角楯 花凛（邦妮）,角楯 カリン（バニーガール）,角楯 花凛（兔女郎）,Kakudate Karin,카쿠다테 카린
CH0101,138,114,美甘 妮禄（兔女郎）,美甘 妮禄,兔女郎,美甘 妮露（邦妮）,美甘 ネル（バニーガール）,美甘 寧瑠（兔女郎）,Mikamo Neru,미카모 네루
CH0155,139,144,柚鸟 夏,柚鸟 夏,,柚鸟 夏,柚鳥 ナツ,柚鳥 夏,Yutori Natsu,유토리 나츠
NP0057,139,229,柚鸟 夏（运动服）,柚鸟 夏,运动服,柚鸟 夏（运动服）,柚鳥 ナツ（运动服）,柚鳥 夏（运动服）,Yutori Natsu,유토리 나츠
NP0228,139,850,柚鸟 夏（鬼屋装扮）,柚鸟 夏,鬼屋装扮,柚鸟 夏（鬼屋装扮）,柚鳥 ナツ（鬼屋装扮）,柚鳥 夏（鬼屋装扮）,Yutori Natsu,유토리 나츠
CH0163,140,156,火宫 千夏（温泉）,火宫 千夏,温泉,火宫 千夏（温泉）,火宮 チナツ（温泉）,火宮 千夏（溫泉）,Hinomiya Chinatsu,히노미야 치나츠
CH0164,141,158,连河 切里诺（温泉）,连河 切里诺,温泉,连河 切里诺（温泉）,連河 チェリノ（温泉）,連河 潔莉諾（溫泉）,Renkawa Cherino,렌카와 체리노
CH0167,142,163,宇泽 玲纱,宇泽 玲纱,,宇泽 玲纱,宇沢 レイサ,宇澤 澪紗,Uzawa Reisa,우자와 레이사
CH0107,143,115,桑上 果穗,桑上 果穗,,桑上 果穗,桑上 カホ,桑上 佳穗,Kuwakami Kaho,쿠와카미 카호
CH0170,144,167,尾刃 叶渚,尾刃 叶渚,,尾刃 康娜,尾刃 カンナ,尾刃 環奈,Ogata Kanna,오가타 칸나
NP0105,144,104,尾刃 叶渚（战损）,尾刃 叶渚,战损,尾刃 康娜（战损）,尾刃 カンナ（战损）,尾刃 環奈（战损）,Ogata Kanna,오가타 칸나
CH0191,145,199,黑馆 晴奈（正月）,黑馆 晴奈,正月,黑馆 晴奈（新年）,黒舘 ハルナ（正月）,黒舘 羽留奈（正月）,Kurodate Haruna,쿠로다테 하루나
CH0192,146,200,赤司 纯子（正月）,赤司 纯子,正月,赤司 纯子（新年）,赤司 ジュンコ（正月）,赤司 淳子（正月）,Akashi Junko,아카시 준코
kaitenranger_black,147,317,回转黑,回转黑,,回转者·黑,カイテンブラック,凱坦澤Black,Kaitenger Black,카이텐져 블랙
kaitenranger_green,148,319,回转绿,回转绿,,回转者·绿,カイテングリーン,凱坦澤Green,Kaitenger Green,카이텐져 그린
kaitenranger_pink,149,320,回转粉,回转粉,,回转者·粉,カイテンピンク,凱坦澤Pink,Kaitenger Pink,카이텐져 핑크
kaitenranger_red,150,322,回转红,回转红,,回转者·红,カイテンレッド,凱坦澤Red,Kaitenger Red,카이텐져 레드
kaitenranger_yellow,151,324,回转黄,回转黄,,回转者·黄,カイテンイエロー,凱坦澤Yellow,Kaitenger Yellow,카이텐져 옐로
CH0200,152,209,天童 爱丽丝（女仆）,天童 爱丽丝,女仆,天童 爱丽丝（女仆）,天童 アリス（メイド）,天童 愛麗絲（女僕）,Tendou Aris,텐도 아리스
CH0194,153,202,鹫见 芹娜（圣诞节）,鹫见 芹娜,圣诞节,鹫见 芹娜（圣诞）,鷲見 セリナ（クリスマス）,鷲見 芹奈（聖誕節）,Sumi Serina,스미 세리나
CH0193,154,201,黑馆 晴奈（体操服）,黑馆 晴奈,体操服,黑馆 晴奈（体操服）,黒舘 ハルナ（体操服）,黒舘 羽留奈（體育服）,Kurodate Haruna,쿠로다테  하루나
CH0196,155,205,鳄渊 明里（正月）,鳄渊 明里,正月,鳄渊 明里（新年）,鰐渕 アカリ（正月）,鰐渕 亞伽里（正月）,Wanibuchi Akari,와니부치 아카리
CH0197,156,206,狮子堂 泉（正月）,狮子堂 泉,正月,狮子堂 泉（新年）,獅子堂 イズミ（正月）,獅子堂 泉（正月）,Shishido Izumi,시시도우 이즈미
NP0007,157,307,下江 小春（运动服）,下江 小春,运动服,下江 小春（运动服）,下江 コハル（运动服）,下江 小春（运动服）,Shimoe Koharu,시모에 코하루
NP0008,157,305,下江 小春（学校泳装）,下江 小春,学校泳装,下江 小春（学校泳装）,下江 コハル（学校泳装）,下江 小春（学校泳装）,Shimoe Koharu,시모에 코하루
koharu,157,334,下江 小春,下江 小春,,下江 小春,下江 コハル,下江 小春,Shimoe Koharu,시모에 코하루
eimi,158,250,和泉元 艾米,和泉元 艾米,,和泉元 艾米,和泉元 エイミ,和泉元 英美,Izumimoto Eimi,이즈미모토 에이미
erika,159,255,旗见 绘里香,旗见 绘里香,,旗见 绘梨香,旗見 エリカ,旗見 繪里香,hatami erika,하타미 에리카
hare,160,266,小钩 晴,小钩 晴,,小钩 晴,小鈎 ハレ,小鈎 晴,Omagari Hare,오마가리 하레
CH0162,161,154,黑崎 小雪（兔女郎）,黑崎 小雪,兔女郎,黑崎 小雪（邦妮）,黒崎 コユキ（バニーガール）,黒崎 小雪（兔女郎）,Kurosaki Koyuki,쿠로사키 코유키
NP0060,162,219,正义实现委员会部员A（运动服）,正义实现委员会部员A,运动服,,正義実現委員会部員（运动服）,,,
justice_normal1,162,312,正义实现委员会部员A,正义实现委员会部员A,,,正義実現委員会部員,,,
kirara,163,331,夜樱 绮良,夜樱 绮良,,夜樱 绮罗罗,夜桜 キララ,夜櫻 綺羅羅,Yozakura Kirara,요자쿠라 키라라
NP0114,164,86,巨匠（战损）,巨匠,战损,巨匠（战损）,マエストロ（战损）,瑪艾斯托洛（战损）,Maestro,마에스트로
maestro,164,340,巨匠,巨匠,,巨匠,マエストロ,瑪艾斯托洛,Maestro,마에스트로
mai,165,341,风卷 舞,风卷 舞,,风卷 舞,風巻 マイ,風卷 麻衣,Kazamaki Mai,카자마키 마이
CH0214,166,517,安守 实梨,安守 实梨,,安守 实梨,安守 ミノリ,安守 實里,Yasumori Minori,야스모리 미노리
momiji,167,338,秋泉 红叶,秋泉 红叶,,秋泉 红叶,秋泉 モミジ,秋泉 紅葉,Akiizumi Momiji,아키이즈미 모미지
NP0013,168,296,岩仓 步美,岩仓 步美,,岩柜 步,岩櫃 アユム,岩櫃 步,Iwabitsu Ayumu,이와비츠 아유무
NP0099,168,126,岩仓 步美（领航服）,岩仓 步美,领航服,岩柜 步（领航服）,岩櫃 アユム（领航服）,岩櫃 步（领航服）,Iwabitsu Ayumu,이와비츠 아유무
NP0015,169,293,不知火 花耶,不知火 花耶,,不知火 花耶,不知火 カヤ,不知火 香耶,Shiranui Kaya,시라누이 카야
NP0029,170,271,贝阿朵莉切,贝阿朵莉切,,贝缇丽彩,ベアトリーチェ,貝雅特里榭,Beatrice,베아트리체
NP0032,171,267,扇喜 葵,扇喜 葵,,扇喜 葵,扇喜 アオイ,扇喜 碧,Oki Aoi,오키 아오이
NP0034,172,264,凯撒PMC 理事（度假）,凯撒PMC 理事,度假,凯撒PMC 董事,カイザーPMC 理事,凱薩PMC 董事,Kaiser PMC Director,카이저PMC 이사
NP0035,173,263,普拉娜,普拉娜,,普拉娜,プラナ,星奈,Plana (Planetarium),프라나
NP0038,174,260,葛叶,葛叶,,葛叶,クズノハ,葛葉,Kuzunoha,쿠즈노하
NP0082,175,160,角楯 花凛（制服）,角楯 花凛,制服,角楯 花凛（制服）,角楯 カリン（制服）,角楯 花凛（制服）,Kakudate Karin,카쿠다테 카린
karin,175,327,角楯 花凛,角楯 花凛,,角楯 花凛,角楯 カリン,角楯 花凛,Kakudate Karin,카쿠다테 카린
NP0118,176,79,鬼方 佳代子（领航服）,鬼方 佳代子,领航服,鬼方 佳代子（领航服）,鬼方 カヨコ（领航服）,鬼方 佳世子（领航服）,Onikata Kayoko,오니카타 카요코
kayoko,176,328,鬼方 佳代子,鬼方 佳代子,,鬼方 佳代子,鬼方 カヨコ,鬼方 佳世子,Onikata Kayoko,오니카타 카요코
mutsuki_newyear,177,335,浅黄 睦月（正月）,浅黄 睦月,正月,浅黄 睦月（新年）,浅黄 ムツキ（正月）,淺黃 無月（正月）,Asagi Mutsuki,아사기 무츠키
CH0195,178,203,朝颜 花江（圣诞节）,朝颜 花江,圣诞节,朝颜 花江（圣诞）,朝顔 ハナエ（クリスマス）,朝顏 花繪（聖誕節）,Asagao Hanae,아사가오 하나에
cherino,179,226,连河 切里诺,连河 切里诺,,连河 切里诺,連河 チェリノ,連河 潔莉諾,Renkawa Cherino,렌카와 체리노
NP0052,180,234,久田 泉奈（运动服）,久田 泉奈,运动服,久田 泉奈（运动服）,久田 イズナ（运动服）,久田 伊樹菜（运动服）,Kuda Izuna,쿠다 이즈나
izuna,180,308,久田 泉奈,久田 泉奈,,久田 泉奈,久田 イズナ,久田 伊樹菜,Kuda Izuna,쿠다 이즈나
suzumi,181,7,守月 铃美,守月 铃美,,守月 铃美,守月 スズミ,守月 鈴美,Morizuki Suzumi,모리즈키 스즈미
NP0050,182,238,小涂 真纪（运动服）,小涂 真纪,运动服,小涂 真纪（运动服）,小塗 マキ（运动服）,小塗 真紀（运动服）,Konuri Maki,코누리 마키
maki,182,342,小涂 真纪,小涂 真纪,,小涂 真纪,小塗 マキ,小塗 真紀,Konuri Maki,코누리 마키
NP0097,183,129,七神 凛（领航服）,七神 凛,领航服,七神 凛（领航服）,七神 リン（领航服）,七神 琳（领航服）,Nanagami Rin,나나가미 린
rin,183,6,七神 凛,七神 凛,,七神 凛,七神 リン,七神 琳,Nanagami Rin,나나가미 린
NP0098,184,128,由良木 桃香（领航服）,由良木 桃香,领航服,由良木 桃可（领航服）,由良木 モモカ（领航服）,由良木 桃香（领航服）,Yuragi Momoka,유라키 모모카
momoka,184,5,由良木 桃香,由良木 桃香,,由良木 桃可,由良木 モモカ,由良木 桃香,Yuragi Momoka,유라키 모모카
NP0221,185,844,白石 歌原（和服）,白石 歌原,和服,白石 歌原（和服）,白石 ウタハ（和服）,白石 詠葉（和服）,Shiraishi Utaha,시라이시 우타하
utaha,185,20,白石 歌原,白石 歌原,,白石 歌原,白石 ウタハ,白石 詠葉,Shiraishi Utaha,시라이시 우타하
utahaturret,185,19,白石 歌原（雷酱）,白石 歌原,雷酱,白石 歌原（雷酱）,白石 ウタハ（雷酱）,白石 詠葉（雷酱）,Shiraishi Utaha,시라이시 우타하
juri,186,310,牛牧 朱莉,牛牧 朱莉,,牛牧 朱莉,牛牧 ジュリ,牛牧 茱莉,Ushimaki Juri,우시마키 주리
NP0061,187,216,乙花 堇（运动服）,乙花 堇,运动服,乙花 堇（运动服）,乙花 スミレ（运动服）,乙花 堇（运动服）,Otohana Sumire,오토하나 스미레
sumire,187,24,乙花 堇,乙花 堇,,乙花 堇,乙花 スミレ,乙花 堇,Otohana Sumire,오토하나 스미레
sukeban_sr,188,25,不良学生A,不良学生A,,,チンピラA,,,
sukeban_smg,189,26,不良学生B,不良学生B,,,チンピラB,,,
sukeban_hmg,190,27,不良学生C,不良学生C,,,チンピラC,,,
soldier_onsendev_rl,191,29,温泉开发部部员A,温泉开发部部员A,,,温泉部の部員A,,,
haruka,192,268,伊草 遥香,伊草 遥香,,伊草 春香,伊草 ハルカ,伊草 遙香,Igusa Haruka,이구사 하루카
shinon,193,35,川流 诗乃,川流 诗乃,,川流 诗音,川流 シノン,川流 詩音,Kawaru shinon,카와루 시논
shimiko,194,37,圆堂 志美子,圆堂 志美子,,圆堂 志美子,円堂 シミコ,円堂 志美子,Endo Shimiko,엔도우 시미코
haruna,195,270,黑馆 晴奈,黑馆 晴奈,,黑馆 晴奈,黒舘 ハルナ,黒舘 羽留奈,Kurodate Haruna,쿠로다테 하루나
shibasekimaster,196,40,柴老板,柴老板,,柴师傅,柴大将,柴大將,Master Shiba,마스터 시바
schoolgirl02_sukebanswim_mg,197,50,不良学生D（泳装）,不良学生D,泳装,,チンピラ D,,,
schoolgirl01_sukebanswim_smg,198,51,不良学生E（泳装）,不良学生E,泳装,,チンピラE,,,
royalguard_redwinter1,199,58,红冬亲卫队成员A,红冬亲卫队成员A,,,レッドウィンターの レッドウィンターの親衛隊員A,,,
police_valkyrie_sg,200,61,瓦尔基里学生A,瓦尔基里学生A,,,ヴァルキューレの生徒A,,,
pmcdirector,201,63,凯撒PMC 理事,凯撒PMC 理事,,凯撒PMC 董事,カイザーPMC 理事,凱薩PMC 董事,Kaiser PMC Director,카이저PMC 이사
peroro,202,67,佩洛洛,佩洛洛,,,ペロロ,,Peroro,
NP0090,203,143,歌住 樱子（圣徒会制服）,歌住 樱子,圣徒会制服,歌住 樱子（圣徒会制服）,歌住 サクラコ（圣徒会制服）,歌住 櫻子（圣徒会制服）,Utazumi Sakurako,우타즈미 사쿠라코
sakurako,203,56,歌住 樱子,歌住 樱子,,歌住 樱子,歌住 サクラコ,歌住 櫻子,Utazumi Sakurako,우타즈미 사쿠라코
NP0121,204,77,玄龙门成员A,玄龙门成员A,,,玄龍門の生徒A,,,
NP0115,205,84,弗朗西斯,弗朗西斯,,弗朗西斯,フランシス,法蘭西斯,Francis,프랜시스
NP0106,208,100,联邦学生会行政人员A,联邦学生会行政人员A,,,連邦生徒会の行政員A,,,
NP0107,209,98,联邦学生会行政官A,联邦学生会行政官A,,,連邦生徒会の行政官A,,,
NP0069,211,192,丰见 小鸟（运动服）,丰见 小鸟,运动服,丰见 琴里（运动服）,豊見 コトリ（运动服）,豊見 亞都梨（运动服）,Toyomi Kotori,토요미 코토리
kotori,211,339,丰见 小鸟,丰见 小鸟,,丰见 琴里,豊見 コトリ,豊見 亞都梨,Toyomi Kotori,토요미 코토리
kotama,212,336,音濑 小玉,音濑 小玉,,音濑 小玉,音瀬 コタマ,音瀬 小玉,Otose Kotama,오토세 코타마
NP0088,213,148,美甘 妮禄（流血）,美甘 妮禄,流血,美甘 妮露（流血）,美甘 ネル（流血）,美甘 寧瑠（流血）,Mikamo Neru,미카모 네루
NP0089,213,146,美甘 妮禄（包扎）,美甘 妮禄,包扎,美甘 妮露（包扎）,美甘 ネル（包扎）,美甘 寧瑠（包扎）,Mikamo Neru,미카모 네루
neru,213,326,美甘 妮禄,美甘 妮禄,,美甘 妮露,美甘 ネル,美甘 寧瑠,Mikamo Neru,미카모 네루
CH0113,214,121,千鸟 满,千鸟 满,,千鸟 满,千鳥 ミチル,千鳥 三千留,Chidori Michiru,치도리 미치루
pina,215,65,朝比奈 菲娜,朝比奈 菲娜,,朝比奈 菲娜,朝比奈 フィーナ,朝比奈 菲娜,Asahina Pina,아사히나 피나
CH0080,216,101,京极 皋月,京极 皋月,,京极 皋月,京極 サツキ,京極 皐月,Kyougoku Satsuki,쿄고쿠 사츠키
NP0022,217,281,茶话会成员A,茶话会成员A,,,NP0022,,,
NP0023,218,280,救急医学部部员A,救急医学部部员A,,,NP0023,,,
NP0024,219,278,圣三一学生A,圣三一学生A,,,NP0024,,,
NP0025,220,276,修女会成员A,修女会成员A,,,NP0025,,,
NP0026,221,274,格赫娜学生A,格赫娜学生A,,,ゲヘナの生徒,,NP0026,
NP0027,222,273,万魔殿成员A,万魔殿成员A,,,万魔殿のメンバー,,NP0027,
NP0028,223,272,茶话会成员B,茶话会成员B,,,NP0028,,,
helmetdan_black1,224,275,钢盔团成员B,钢盔团成员B,,,helmetdan_black1,,,
helmetdan_red1,225,277,钢盔团成员A,钢盔团成员A,,,helmetdan_red1,,,
fuuki_normal1,226,259,风纪委员A,风纪委员A,,,風紀委員A,,fuuki_normal1,
CH0123,227,123,间宵 时雨（温泉）,间宵 时雨,温泉,间宵 时雨（温泉）,間宵 シグレ（温泉）,間宵 時雨（溫泉）,Mayoi Shigure,마요이 시구레
azusa_swimsuit,228,80,白洲 梓（泳装）,白洲 梓,泳装,白洲 梓（泳装）,白洲 アズサ（水着）,白洲 梓（泳裝）,Shirasu Azusa,시라스 아즈사
CH0088,229,105,下仓 惠,下仓 惠,,下仓 惠,下倉 メグ,下倉 惠,Shimokura Megu,시모쿠라 메구
CH0211,230,220,飞鸟马 时（兔女郎）,飞鸟马 时,兔女郎,飞鸟马 时（邦妮）,飛鳥馬 トキ（バニーガール）,飛鳥馬 季（兔女郎）,Asuma Toki,아스마 토키
yukata_streetghostes_rl,231,13,魑魅一座部员,魑魅一座部员,,,魑魅一座の部員,,,
yustina_sr1,232,12,尤斯蒂娜圣徒,尤斯蒂娜圣徒,,尤斯蒂娜圣徒,ユスティナ聖徒,優斯提娜聖徒,Justina Council Saint,유스티나 성도
yukata_streetghostes_mg,233,14,魑魅一座队长,魑魅一座队长,,,魑魅一座のリーダー,,,
yoheki_redwinter1,234,16,劳务部部员A,劳务部部员A,,,工務部の部員A,,,
yoheki_normal1,235,17,兼职佣兵学生A,兼职佣兵学生A,,,傭兵バイトA,,,
NP0116,238,82,凯撒特种部队成员A,凯撒特种部队成员A,,,特殊部队,,,
NP0104,239,106,凯撒 将军,凯撒 将军,,凯撒 将军,カイザー ジェネラル,凱薩 將軍,Kaiser General,카이저 제네럴
NP0096,240,130,凯撒 总裁,凯撒 总裁,,凯撒 总裁,カイザー プレジデント,凱薩 總裁,Kaiser President,카이저 프레지던트
NP0087,241,149,料理麻雀,料理麻雀,,,NP0087_spr,,,
NP0086,242,151,和服麻雀,和服麻雀,,,NP0086_spr,,,
NP0084,244,155,千禧学生A,千禧学生A,,,ミレニアムの生徒,,NP0084,
NP0074,245,176,圣女 芭尔芭拉,圣女 芭尔芭拉,,圣女 芭芭拉,聖女 バルバラ,聖女 白芭蕾,Saintess Barbara,성녀 바르바라
NP0042,247,254,无名司祭,无名司祭,,无名祭司,無名の司祭,無名祭司,The Nameless Priests,무명사제
NP0036,248,261,千禧学生B,千禧学生B,,,NP0036_spr,,,
NP0031,249,269,笛卡尔,笛卡尔,,笛卡尔,デカルト,笛卡爾,Descartes,데카르트
NP0142,249,514,笛卡尔（警卫服）,笛卡尔,警卫服,笛卡尔（警卫服）,デカルト（警卫服）,笛卡爾（警卫服）,Descartes,데카르트
market_animal2,250,349,商店老板狗狗,商店老板狗狗,,,market_animal2_spr,,,
engineer_animal3,251,252,工程师狗狗,工程师狗狗,,,engineer_animal3_spr,,,
bunnygirl_sr,252,83,奥德赛的兔女郎A,奥德赛的兔女郎A,,,BunnyGirl_SR_spr,,,
CH0212,253,222,清澄 晶,清澄 晶,,清澄 晶,清澄 アキラ,清澄 晶,Kiyosumi Akira,키요스미  아키라
CH0222,254,613,御稜 名草,御稜 名草,,,御稜 ナグサ,御棱 名草,Goryou Nagusa,고료 나구사
NP0162,254,999,御稜 名草（展现右臂）,御稜 名草,展现右臂,,御稜 ナグサ（展现右臂）,御棱 名草（展现右臂）,Goryou Nagusa,고료 나구사
NP0249,254,991,御稜 名草（无绷带）,御稜 名草,无绷带,,御稜 ナグサ（无绷带）,御棱 名草（无绷带）,Goryou Nagusa,고료 나구사
citizen_animal1,255,228,城市狗狗,城市狗狗,,,citizen_animal1_spr,,,
citizen_animal5_eyepatch,256,235,眼罩猫猫,眼罩猫猫,,,Citizen_animal5_eyepatch_spr,,,
citizen_animal5,257,237,和服猫猫,和服猫猫,,,Citizen_animal5_spr,,,
citizen_animal6_bandagespr,258,239,绷带狗狗,绷带狗狗,,,Citizen_animal6_bandagespr,,,
citizen_animal6,259,240,贝雷帽狗狗,贝雷帽狗狗,,,Citizen_animal6_spr,,,
citizen_animal7,260,242,和服狗狗,和服狗狗,,,Citizen_animal7_spr,,,
citizen_borot1,261,243,市民机器人,市民机器人,,,citizen_borot1_spr,,,
citizen_borot2,262,245,资本机器人,资本机器人,,,citizen_borot2_spr,,,
cook_genbustore_sg,263,248,玄武商会店员,玄武商会店员,,,玄武商会メンバー,,,
CH0124,264,564,姬木 梅露,姬木 梅露,,姬木 芽瑠,姫木 メル,姬木 愛瑠,Himeki Meru,히메키 메루
CH0125,265,125,姬木 梅露（温泉）,姬木 梅露,温泉,姬木 芽瑠（温泉）,姫木 メル（温泉）,姬木 愛瑠（溫泉）,Himeki Meru,히메키 메루
NP0092,266,139,贝雷帽小山雀,贝雷帽小山雀,,,NP0092_spr,,,
NP0093,267,137,蝴蝶结小山雀,蝴蝶结小山雀,,,NP0093_spr,,,
NP0094,268,135,黄帽小山雀,黄帽小山雀,,,NP0094_spr,,,
CH0060,269,91,剑先 鹤城（泳装）,剑先 鹤城,泳装,剑先 鹤城（泳装）,剣先 ツルギ（水着）,劍先 弦生（泳裝）,Kenzaki Tsurugi,켄자키 츠루기
CH0213,270,512,申谷 海,申谷 海,,,申谷 カイ,申谷 誡,Shintani Kai,신타니 카이
NP0251,270,993,申谷 海（墨镜）,申谷 海,墨镜,,申谷 カイ（墨镜）,申谷 誡（墨镜）,Shintani Kai,신타니 카이
reizyo,271,513,鹿山 丽情,鹿山 丽情,,,鹿山 レイジョ,鹿山 令女,Kayama Reijo,카야마 레이죠
NP0095,272,132,普雷那帕特斯,普雷那帕特斯,,弗雷纳帕提斯,プレナパテス,誘騙者,Phrenapates,프레나파테스
robot2_division,273,59,机器人,机器人,,,robot2_division_spr,,,
NP0091,274,140,守卫机器人,守卫机器人,,,NP0091_spr,,,
NP0033,275,516,灰音,灰音,,,ハイネ,灰音,Haine,하이네
NP0037,276,515,李,李,,李,スモモ,李,Sumomo,스모모
CH0218,278,521,霞泽 美游（泳装）,霞泽 美游,泳装,霞泽 美游（泳装）,霞沢 ミユ（水着）,霞沢 美優（泳裝）,Kasumizawa Miyu,카스미자와 미유
CH0217,279,523,空井 咲（泳装）,空井 咲,泳装,空井 咲（泳装）,空井 サキ（水着）,空井 咲希（泳裝）,Sorai Saki,소라이 사키
CH0215,280,520,月雪 宫子（泳装）,月雪 宫子,泳装,月雪 宫子（泳装）,月雪 ミヤコ（水着）,月雪 都子（泳裝）,Tsukiyuki Miyako,츠키유키 미야코
NP0136,281,531,假日北极熊,假日北极熊,,,NP0136_spr,,,
NP0135,282,530,工人花栗鼠,工人花栗鼠,,,NP0135_spr,,,
NP0134,283,529,瓦尔基里学生A（泳装）,瓦尔基里学生A,泳装,,NP0134_spr,,,
NP0132,284,528,头带狗狗,头带狗狗,,,NP0132_spr,,,
NP0133,285,527,打渔小熊猫,打渔小熊猫,,,NP0133_spr,,,
CH0216,286,522,风仓 萌绘（泳装）,风仓 萌绘,泳装,风仓 萌绘（泳装）,風倉 モエ（水着）,風倉 萌（泳裝）,Kazekura Moe,카제쿠라 모에
CH0241,287,666,小鸟游 星野（一年级）,小鸟游 星野,一年级,小鸟游 星野,小鳥遊 ホシノ,小鳥遊 星野,Takanashi Hoshino,타카나시 호시노
NP0167,287,667,"小鸟游 星野（一年级,学校泳装）",小鸟游 星野,"一年级,学校泳装",小鸟游 星野（学校泳装）,小鳥遊 ホシノ（学校泳装）,小鳥遊 星野（学校泳装）,Takanashi Hoshino,타카나시 호시노
CH0157,288,664,栀子 梦,栀子 梦,,栀子 梦,梔子 ユメ,梔子 夢,Kuchinashi Yume,쿠치나시 유메
NP0166,288,665,栀子 梦（学校泳装）,栀子 梦,学校泳装,栀子 梦（学校泳装）,梔子 ユメ（学校泳装）,梔子 夢（学校泳装）,Kuchinashi Yume,쿠치나시 유메
CH0205,299,551,下江 小春（泳装）,下江 小春,泳装,下江 小春（泳装）,下江 コハル（水着）,下江 小春（泳裝）,Shimoe Koharu,시모에 코하루
CH0209,300,555,浦和 花子（泳装）,浦和 花子,泳装,浦和 花子（泳装）,浦和 ハナコ（水着）,浦和 花子（泳裝）,Urawa Hanako,우라와 하나코
NP0151,300,557,"浦和 花子（泳装,无水管）",浦和 花子,"泳装,无水管","浦和 花子（泳装,无水管）","浦和 ハナコ（水着,无水管）","浦和 花子（泳裝,无水管）",Urawa Hanako,우라와 하나코
CH0210,301,548,若叶 日向（泳装）,若叶 日向,泳装,若叶 日向（泳装）,若葉 ヒナタ（水着）,若葉 日向（泳裝）,Wakaba Hinata,와카바 히나타
CH0204,302,553,古关 忧（泳装）,古关 忧,泳装,古关 忧（泳装）,古関 ウイ（水着）,古関 憂（泳裝）,Kozeki Ui,코제키 우이
NP0137,303,556,尤斯蒂娜圣徒（泳装）,尤斯蒂娜圣徒,泳装,尤斯蒂娜圣徒,ユスティナ聖徒,優斯提娜聖徒,Justina Council Saint,유스티나 성도
CH0229,308,562,三善 贵音,三善 贵音,,三善 贵音,三善 タカネ,三善 貴音,Miyoshi Takane,미요시 타카네
CH0228,309,561,荒槙 八云,荒槙 八云,,荒槙 八云,荒槇 ヤクモ,荒槇 八雲,Aramaki Yakumo,아라마키 야쿠모
NP0143,310,570,黑市组织成员A,黑市组织成员A,,,,,,
NP0138,311,569,列车乘务员B,列车乘务员B,,,,,,
NP0158,312,571,列车修理工A,列车修理工A,,,,,,
NP0159,313,572,列车乘务员A,列车乘务员A,,,,,,
CH9998,315,576,御坂 美琴,御坂 美琴,,御坂 美琴,御坂 美琴,御坂 美琴,Misaka Mikoto,미사카 미코토
NP0168,315,580,御坂 美琴（无武器）,御坂 美琴,无武器,御坂 美琴（无武器）,御坂 美琴（无武器）,御坂 美琴（无武器）,Misaka Mikoto,미사카 미코토
CH9997,316,575,食蜂 操祈,食蜂 操祈,,食蜂 操祈,食蜂 操祈,食蜂 操祈,Shokuhou Misaki,쇼쿠호 미사키
NP0169,316,581,食蜂 操祈（无武器）,食蜂 操祈,无武器,食蜂 操祈（无武器）,食蜂 操祈（无武器）,食蜂 操祈（无武器）,Shokuhou Misaki,쇼쿠호 미사키
CH9996,317,574,佐天 泪子,佐天 泪子,,佐天 泪子,佐天 涙子,佐天 淚子,Saten Ruiko,사텐 루이코
NP0170,317,582,佐天 泪子（无武器）,佐天 泪子,无武器,佐天 泪子（无武器）,佐天 涙子（无武器）,佐天 淚子（无武器）,Saten Ruiko,사텐 루이코
CH0161,318,611,勘解由小路 紫,勘解由小路 紫,,勘解由小路 紫,勘解由小路 ユカリ,勘解由小路 紫,Kadenokouji Yukari,카데노코지 유카리
NP0147,318,612,勘解由小路 紫（中学时期）,勘解由小路 紫,中学时期,勘解由小路 紫（中学时期）,勘解由小路 ユカリ（中学时期）,勘解由小路 紫（中学时期）,Kadenokouji Yukari,카데노코지 유카리
NP0148,318,626,勘解由小路 紫（巫女服）,勘解由小路 紫,巫女服,勘解由小路 紫（巫女服）,勘解由小路 ユカリ（巫女服）,勘解由小路 紫（巫女服）,Kadenokouji Yukari,카데노코지 유카리
CH0224,319,614,不破 莲华,不破 莲华,,,不破 レンゲ,不破 蓮華,Fuwa Renge,후와 렌게
CH0225,320,615,桐生 桔梗,桐生 桔梗,,桐生 桔梗,桐生 キキョウ,桐生 桔梗,Kiryuu Kikyou,키류 키쿄
CH0227,321,616,箭吹 棕榈,箭吹 棕榈,,箭吹 棕榈,箭吹 シュロ,箭吹 棕櫚,Yabuki Shuro,야부키  슈로
NP0160,321,627,箭吹 棕榈（幻魉百物语）,箭吹 棕榈,幻魉百物语,箭吹 棕榈（幻魉百物语）,箭吹 シュロ（幻魉百物语）,箭吹 棕櫚（幻魉百物语）,Yabuki Shuro,야부키  슈로
NP0163,321,629,箭吹 棕榈（无貌替身）,箭吹 棕榈,无貌替身,箭吹 棕榈（无貌替身）,箭吹 シュロ（无貌替身）,箭吹 棕櫚（无貌替身）,Yabuki Shuro,야부키  슈로
CH0236,322,617,新,新,,,アラタ,新,Arata,아라타
NP0254,322,1014,新（泳装）,新,泳装,,アラタ（泳装）,新（泳装）,Arata,아라타
NP0266,322,1005,新（钢盔）,新,钢盔,,アラタ（钢盔）,新（钢盔）,Arata,아라타
NP0149,323,618,百鬼夜行学生A,百鬼夜行学生A,,,,,,
NP0150,324,619,百鬼夜行学生C,百鬼夜行学生C,,,,,,
NP0156,325,621,百鬼夜行学生B,百鬼夜行学生B,,,,,,
NP0152,326,620,山海经学生A,山海经学生A,,,,,,
NP0157,327,622,山海经学生B,山海经学生B,,,,,,
CH0226,331,998,勘解由小路 虞美人,勘解由小路 虞美人,,勘解由小路 雏芥子,勘解由小路 コクリコ,勘解由小路 雛罌粟,Kadenokouji Kokuriko,카데노코지 코쿠리코
CH0219,334,642,和泉元 艾米（泳装）,和泉元 艾米,泳装,和泉元 艾米（泳装）,和泉元 エイミ（水着）,和泉元 英美（泳裝）,Izumimoto Eimi,이즈미모토 에이미
NP0129,335,638,艾茵,艾茵,,艾茵,アイン,Ain,Ein, 아인
NP0131,336,641,奥茹,奥茹,,奥尔,オウル,Aur,Ohr,오르
NP0130,337,639,索芙,索芙,,索芙,ソフ,Soph,Sof,소프
CH0233,340,647,小钩 晴（露营）,小钩 晴,露营,小钩 晴（露营）,小鈎 ハレ（キャンプ）,小鈎 晴（露營）,Omagari Hare,오마가리 하레
CH0232,341,649,音濑 小玉（露营）,音濑 小玉,露营,音濑 小玉（露营）,音瀬 コタマ（キャンプ）,音瀬 小玉（露營）,Otose Kotama,오토세 코타마
CH0245,342,645,野正 莱依,野正 莱依,,野正 莱依,野正 レイ,野正 莉,Nomasa Rei,노마사 레이
CH0235,343,651,小涂 真纪（露营）,小涂 真纪,露营,小涂 真纪（露营）,小塗 マキ（キャンプ）,小塗 真紀（露營）,Konuri Maki,코누리 마키
CH0234,344,646,各务 千寻（露营）,各务 千寻,露营,各务 千寻,各務 チヒロ（キャンプ）,各務 千尋（露營）,Kagami Chihiro,카가미 치히로
CH0231,345,657,天雨 亚子（礼服）,天雨 亚子,礼服,天雨 亚子（礼服）,"天雨 アコ（ドレス,礼服）","天雨 亞子（禮服,礼服）",Amau Ako,아마우 아코
CH0230,346,658,空崎 日奈（礼服）,空崎 日奈,礼服,空崎 日奈（礼服）,"空崎 ヒナ（ドレス,礼服）","空崎 陽奈（禮服,礼服）",Sorasaki Hina,소라사키 히나
CH0238,347,659,元宫 千明,元宫 千明,,,元宮 チアキ,元宮 千秋,Motomiya Chiaki,모토미야 치아키
NP0165,349,668,地下生活者,地下生活者,,地下室人（地下生活者）,地下生活者,地下生活者,Underground Dweller,지하생활자
CH0240,350,671,陆八魔 阿露（礼服）,陆八魔 阿露,礼服,陆八魔 爱露（礼服）,"陸八魔 アル（ドレス,礼服）","陸八魔 亞瑠（禮服,礼服）",Rikuhachima Aru,리쿠하치마 아루
CH0239,351,670,鬼方 佳代子（礼服）,鬼方 佳代子,礼服,鬼方 佳代子（礼服）,"鬼方 カヨコ（ドレス,礼服）","鬼方 佳世子（禮服,礼服）",Onikata Kayoko,오니카타 카요코
CH0246,352,672,浅黄 睦月（礼服）,浅黄 睦月,礼服,浅黄 睦月（礼服）,"浅黄 ムツキ（ドレス,礼服）","淺黃 無月（禮服,礼服）",Asagi Mutsuki,아사기 무츠키
CH0247,353,673,伊草 遥香（礼服）,伊草 遥香,礼服,伊草 春香（礼服）,"伊草 ハルカ（ドレス,礼服）","伊草 遙香（禮服,礼服）",Igusa Haruka,이구사 하루카
CH0248,354,674,浅黄 睦月（西装）,浅黄 睦月,西装,浅黄 睦月（西装）,浅黄 ムツキ（西装）,淺黃 無月（西装）,Asagi Mutsuki,아사기 무츠키
CH0249,355,675,伊草 遥香（西装）,伊草 遥香,西装,伊草 春香（西装）,伊草 ハルカ（西装）,伊草 遙香（西装）,Igusa Haruka,이구사 하루카
CH0259,356,676,锭前 纱织（礼服）,锭前 纱织,礼服,锭前 纱织（礼服）,"錠前 サオリ（ドレス,礼服）","錠前 沙織（禮服,礼服）",Jomae Saori,조마에 사오리
NP0164,356,677,"锭前 纱织（礼服,正面）",锭前 纱织,"礼服,正面","锭前 纱织（礼服,正面）","錠前 サオリ（ドレス,正面）","錠前 沙織（禮服,正面）",Jomae Saori,조마에 사오리
NP0181,358,679,黑帮组员A,黑帮组员A,,,,,,
NP0180,359,678,黑帮机器人A,黑帮机器人A,,,,,,
CH0255,360,689,春日 椿（导游）,春日 椿,导游,春日 椿（导游）,春日 ツバキ（ガイド）,春日 椿（導覽員）,Kasuga Tsubaki,카스가 츠바키
CH0256,361,690,勇美 枫（导游）,勇美 枫,导游,勇美 枫（导游）,勇美 カエデ（ガイド）,勇美 楓（導覽員）,Isami Kaede,이사미 카에데
CH0257,362,691,朝比奈 菲娜（导游）,朝比奈 菲娜,导游,朝比奈 菲娜（导游）,朝比奈 フィーナ（ガイド）,朝比奈 菲娜（導覽員）,Asahina Pina,아사히나 피나
NP0182,363,692,人力车学生A,人力车学生A,,,,,,
CH0242,365,696,橘 光,橘 光,,橘 光,橘 ヒカリ,橘 光,Tachibana Hikari,타치바나 히카리
CH0243,366,697,橘 望,橘 望,,橘 望,橘 ノゾミ,橘 希望,Tachibana Nozomi,타치바나 노조미
CH0244,367,698,朝雾 周防,朝雾 周防,,朝雾 周防,朝霧 スオウ,朝霧 蘇芳,Asagiri Suou,아사기리 스오우
NP0177,367,753,朝雾 周防（临战）,朝雾 周防,临战,朝雾 周防（临战）,朝霧 スオウ（临战）,朝霧 蘇芳（临战）,Asagiri Suou,아사기리 스오우
NP0178,367,754,朝雾 周防（战损）,朝雾 周防,战损,朝雾 周防（战损）,朝霧 スオウ（战损）,朝霧 蘇芳（战损）,Asagiri Suou,아사기리 스오우
CH0250,368,704,杏山 和纱（乐队）,杏山 和纱,乐队,杏山 和纱（乐队）,杏山 カズサ（バンド）,杏山 千紗（樂團）,Kyoyama Kazusa,쿄야마 카즈사
NP0188,368,711,"杏山 和纱（乐队,白背心）",杏山 和纱,"乐队,白背心","杏山 和纱（乐队,白背心）","杏山 カズサ（バンド,白背心）","杏山 千紗（樂團,白背心）",Kyoyama Kazusa,쿄야마 카즈사
CH0251,369,705,栗村 爱莉（乐队）,栗村 爱莉,乐队,栗村 爱理（乐队）,栗村 アイリ（バンド）,栗村 愛莉（樂團）,Kurimura Airi,쿠리무라 아이리
NP0189,369,712,"栗村 爱莉（乐队,白背心）",栗村 爱莉,"乐队,白背心","栗村 爱理（乐队,白背心）","栗村 アイリ（バンド,白背心）","栗村 愛莉（樂團,白背心）",Kurimura Airi,쿠리무라 아이리
CH0220,370,702,伊原木 好美（乐队）,伊原木 好美,乐队,伊原木 好美（乐队）,伊原木 ヨシミ（バンド）,伊原木 喜美（樂團）,Ibaraki Yoshimi,이바라기 요시미
NP0187,370,710,"伊原木 好美（乐队,白背心）",伊原木 好美,"乐队,白背心","伊原木 好美（乐队,白背心）","伊原木 ヨシミ（バンド,白背心）","伊原木 喜美（樂團,白背心）",Ibaraki Yoshimi,이바라기 요시미
CH0221,371,703,柚鸟 夏（乐队）,柚鸟 夏,乐队,柚鸟 夏（乐队）,柚鳥 ナツ（バンド）,柚鳥 夏（樂團）,Yutori Natsu,유토리 나츠
NP0190,371,713,"柚鸟 夏（乐队,白背心）",柚鸟 夏,"乐队,白背心","柚鸟 夏（乐队,白背心）","柚鳥 ナツ（バンド,白背心）","柚鳥 夏（樂團,白背心）",Yutori Natsu,유토리 나츠
CH0252,372,706,椎名 纺,椎名 纺,,椎名 纺,椎名 ツムギ,椎名 紬,Shiina Tsumugi,시이나 츠무기
CH0258,373,751,小鸟游 星野（临战）,小鸟游 星野,临战,小鸟游 星野,小鳥遊 ホシノ（臨戦）,小鳥遊 星野（武裝）,Takanashi Hoshino,타카나시 호시노
NP0179,373,796,"小鸟游 星野（临战,霰弹枪持盾战损）",小鸟游 星野,"临战,霰弹枪持盾战损",小鸟游 星野（霰弹枪持盾战损）,"小鳥遊 ホシノ（臨戦,霰弹枪持盾战损）","小鳥遊 星野（武裝,霰弹枪持盾战损）",Takanashi Hoshino,타카나시 호시노
NP0196,373,748,"小鸟游 星野（临战,手枪持盾）",小鸟游 星野,"临战,手枪持盾",小鸟游 星野（手枪持盾）,"小鳥遊 ホシノ（臨戦,手枪持盾）","小鳥遊 星野（武裝,手枪持盾）",Takanashi Hoshino,타카나시 호시노
NP0197,373,749,"小鸟游 星野（临战,双持）",小鸟游 星野,"临战,双持",小鸟游 星野（双持）,"小鳥遊 ホシノ（臨戦,双持）","小鳥遊 星野（武裝,双持）",Takanashi Hoshino,타카나시 호시노
NP0198,373,750,"小鸟游 星野（临战,单持霰弹枪）",小鸟游 星野,"临战,单持霰弹枪",小鸟游 星野（单持霰弹枪）,"小鳥遊 ホシノ（臨戦,单持霰弹枪）","小鳥遊 星野（武裝,单持霰弹枪）",Takanashi Hoshino,타카나시 호시노
NP0200,373,790,"小鸟游 星野（临战,手枪持盾战损）",小鸟游 星野,"临战,手枪持盾战损",小鸟游 星野（手枪持盾战损）,"小鳥遊 ホシノ（臨戦,手枪持盾战损）","小鳥遊 星野（武裝,手枪持盾战损）",Takanashi Hoshino,타카나시 호시노
NP0201,373,791,"小鸟游 星野（临战,双持战损）",小鸟游 星野,"临战,双持战损",小鸟游 星野（双持战损）,"小鳥遊 ホシノ（臨戦,双持战损）","小鳥遊 星野（武裝,双持战损）",Takanashi Hoshino,타카나시 호시노
NP0202,373,792,"小鸟游 星野（临战,单持霰弹枪战损）",小鸟游 星野,"临战,单持霰弹枪战损",小鸟游 星野（单持霰弹枪战损）,"小鳥遊 ホシノ（臨戦,单持霰弹枪战损）","小鳥遊 星野（武裝,单持霰弹枪战损）",Takanashi Hoshino,타카나시 호시노
CH0260,375,757,尾刃 叶渚（泳装）,尾刃 叶渚,泳装,尾刃 康娜（泳装）,尾刃 カンナ（水着）,尾刃 環奈（泳裝）,Ogata Kanna,오가타 칸나
CH0261,376,758,合欢垣 吹雪（泳装）,合欢垣 吹雪,泳装,合欢垣 吹雪（泳装）,合歓垣 フブキ（水着）,合歓垣 吹雪（泳裝）,Nemugaki Fubuki,네무가키 후부키
CH0262,377,759,中务 桐乃（泳装）,中务 桐乃,泳装,中务 桐乃（泳装）,中務 キリノ（水着）,中務 桐乃（泳裝）,Nakatsukasa Kirino,나카츠카사 키리노
CH0264,378,760,心华,心华,,,コノカ,木乃香,konoka,코노카
CH0279,379,762,河驹风 兰舞（泳装）,河驹风 兰舞,泳装,河驹风 兰舞（泳装）,河駒風 ラブ（水着）,河驹风 良舞（泳裝）,Komakaze Rabu,코마카제 라브
NP0186,380,775,小鸟游 星野*恐怖（反转）,小鸟游 星野*恐怖,反转,,,,,
CH0266,381,778,锭前 纱织（泳装）,锭前 纱织,泳装,锭前 纱织（泳装）,錠前 サオリ（水着）,錠前 沙織（泳裝）,Jomae Saori,조마에 사오리
NP0230,381,788,"锭前 纱织（泳装,无外套）",锭前 纱织,"泳装,无外套","锭前 纱织（泳装,无外套）","錠前 サオリ（水着,无外套）","錠前 沙織（泳裝,无外套）",Jomae Saori,조마에 사오리
CH0267,382,780,秤 亚津子（泳装）,秤 亚津子,泳装,秤 亚津子（泳装）,秤 アツコ（水着）,秤 敦子（泳裝）,Hakari Atsuko,하카리 아츠코
CH0269,383,783,槌永 日和（泳装）,槌永 日和,泳装,槌永 日和（泳装）,槌永 ヒヨリ（水着）,槌永 日和（泳裝）,Tsuchinaga Hiyori,츠치나가 히요리
CH0268,384,782,戒野 美咲（泳装）,戒野 美咲,泳装,戒野 美咲（泳装）,戒野 ミサキ（水着）,戒野 美咲（泳裝）,Imashino Misaki,이마시노 미사키
CH0265,385,787,栗滨 明美,栗滨 明美,,,栗浜 アケミ,栗濱 明美,Kurihama Akemi,쿠리하마 아케미
CH0277,386,786,微笑教授,微笑教授,,笑笑教授,ニヤニヤ教授,笑眯眯教授,Professor Smug,히죽히죽 교수
NP0203,387,789,DJ狗狗,DJ狗狗,,,,,,
CH0271,388,804,佐城 智惠（旗袍）,佐城 智惠,旗袍,佐城 巴（旗袍）,佐城 トモエ（チーパオ）,佐城 智惠（旗袍）,Sashiro Tomoe,사시로 토모에
CH0270,389,803,池仓 玛丽娜（旗袍）,池仓 玛丽娜,旗袍,池仓 真里奈（旗袍）,池倉 マリナ（チーパオ）,池倉 瑪麗娜（旗袍）,Ikekura Marina,이케쿠라 마리나
CH0272,390,805,漆原 辉夜,漆原 辉夜,,,漆原 カグヤ,漆原 輝夜,Urushibara Kaguya,우루시바라 카구야
NP0242,390,809,漆原 辉夜（脸谱）,漆原 辉夜,脸谱,,漆原 カグヤ（脸谱）,漆原 輝夜（脸谱）,Urushibara Kaguya,우루시바라 카구야
NP0243,390,810,漆原 辉夜（持扇）,漆原 辉夜,持扇,,漆原 カグヤ（持扇）,漆原 輝夜（持扇）,Urushibara Kaguya,우루시바라 카구야
CH0278,391,806,连河 切里诺（旗袍）,连河 切里诺,旗袍,连河 切里诺（旗袍）,連河 チェリノ（チーパオ）,連河 潔莉諾（旗袍）,Renkawa Cherino,렌카와 체리노
NP0207,392,807,京剧部员A,京剧部员A,,,,,,
NP0208,393,808,京剧部员B,京剧部员B,,,,,,
NP0160,395,627,幻魉付丧神（幻魉百物语）,幻魉付丧神,幻魉百物语,幻魉·付丧神（幻魉百物语）,幻魎付喪神（幻魉百物语）,幻魎付喪神（幻魉百物语）,Artifact Spirits,환량 · 츠쿠모가미
NP0163,396,629,无貌替身,无貌替身,,无貌形代（无貌替身）,無貌の形代（无貌替身）,無貌的形代（无貌替身）,Faceless Katashiro,얼굴 없는 카타시로
CH0273,498,834,伊落 玛丽（偶像）,伊落 玛丽,偶像,伊落 玛丽,伊落 マリー（アイドル）,伊落 瑪麗（偶像）,Iochi Mari,이오치 마리
CH0274,499,835,歌住 樱子（偶像）,歌住 樱子,偶像,歌住 樱子,歌住 サクラコ（アイドル）,歌住 櫻子（偶像）,Utazumi Sakurako,우타즈미 사쿠라코
CH0275,500,836,苍森 美弥（偶像）,苍森 美弥,偶像,苍森 美祢,蒼森 ミネ（アイドル）,蒼森 美禰（偶像）,Aomori Mine,아오모리 미네
NP0030,502,904,马路库特（帽子）,马路库特,帽子,玛尔扈特（帽子）,マルクト（帽子）,馬爾庫特（帽子）,Malkuth,말쿠트
NP0119,502,905,马路库特,马路库特,,玛尔扈特,マルクト,馬爾庫特,Malkuth,말쿠트
CH0284,505,875,早濑 优香（睡衣）,早濑 优香,睡衣,早濑 优香,早瀬 ユウカ（パジャマ）,早瀬 優香（睡衣）,Hayase Yuuka,하야세 유우카
CH0285,506,876,生盐 诺亚（睡衣）,生盐 诺亚,睡衣,生盐 诺亚,生塩 ノア（パジャマ）,生塩 乃愛（睡衣）,Ushio Noa,우시오 노아
CH0311,507,878,小钩 晴（睡衣）,小钩 晴,睡衣,小钩 晴,小鈎 ハレ（パジャマ）,小鈎 晴（睡衣）,Omagari Hare,오마가리 하레
CH0310,508,877,黑崎 小雪（睡衣）,黑崎 小雪,睡衣,黑崎 小雪,黒崎 コユキ（パジャマ）,黒崎 小雪（睡衣）,Kurosaki Koyuki,쿠로사키 코유키
CH0312,509,879,小涂 真纪（睡衣）,小涂 真纪,睡衣,小涂 真纪,小塗 マキ（パジャマ）,小塗 真紀（睡衣）,Konuri Maki,코누리 마키
CH0313,510,880,各务 千寻（睡衣）,各务 千寻,睡衣,各务 千寻,各務 チヒロ（パジャマ）,各務 千尋（睡衣）,Kagami Chihiro,카가미 치히로
CH0314,511,881,音濑 小玉（睡衣）,音濑 小玉,睡衣,音濑 小玉,音瀬 コタマ（パジャマ）,音瀬 小玉（睡衣）,Otose Kotama,오토세 코타마
CH0281,512,893,一之濑 明日奈（制服）,一之濑 明日奈,制服,一之濑 明日奈,一之瀬 アスナ（制服）,一之瀬 明日奈,Ichinose Asuna,이치노세 아스나
NP0081,512,161,一之濑 明日奈（制服）,一之濑 明日奈,制服,一之濑 明日奈（制服）,一之瀬 アスナ（制服）,一之瀬 明日奈（制服）,Ichinose Asuna,이치노세 아스나
CH0282,513,894,角楯 花凛（制服）,角楯 花凛,制服,角楯 花凛,角楯 カリン（制服）,角楯 花凛,Kakudate Karin,카쿠다테 카린
CH0280,514,892,美甘 妮禄（制服）,美甘 妮禄,制服,美甘 妮露,美甘 ネル（制服）,美甘 寧瑠,Mikamo Neru,미카모 네루
CH0283,515,895,吾妻 未来,吾妻 未来,,,吾妻 ミライ,未來,Azuma Mirai,아즈마 미라이
CH0308,516,897,飞鸟马 时（制服）,飞鸟马 时,制服,飞鸟马 时,飛鳥馬 トキ（制服）,飛鳥馬 季,Asuma Toki,아스마 토키
CH0307,517,896,室笠 茜（制服）,室笠 茜,制服,室笠 茜,室笠 アカネ（制服）,室笠 朱音,Murokasa Akane,무로카사 아카네
NP0241,518,911,Kei,Kei,,柯伊,ケイ,Kei,Kei,
CH0082,520,915,冰室 濑名（私服）,冰室 濑名,私服,冰室 濑名（便服）,氷室 セナ（私服）,氷室 瀬奈（私服）,Himuro Sena,히무로 세나
CH0286,521,916,牛牧 朱莉（打工）,牛牧 朱莉,打工,牛牧 朱莉,牛牧 ジュリ（アルバイト）,牛牧 茱莉,Ushimaki Juri,우시마키 주리
CH0290,522,917,爱清 枫香（私服）,爱清 枫香,私服,爱清 风香（便服）,愛清 フウカ（私服）,愛清 風華（私服）,Aikiyo Fuuka,아이키요 후우카
CH0287,523,927,乙花 堇（打工）,乙花 堇,打工,乙花 堇,乙花 スミレ（アルバイト）,乙花 堇,Otohana Sumire,오토하나 스미레
NP0247,524,928,棒球狗狗,棒球狗狗,,,,,,
CH0288,525,976,内海 青叶,内海 青叶,,,内海 アオバ,,Utsumi Aoba,우츠미 아오바
NP0245,526,975,暴走族A,暴走族A,,,,,,
NP0246,527,974,暴走族老大,暴走族老大,,,,,,
CH0223,529,985,七稜 菖蒲,七稜 菖蒲,,,七稜 アヤメ,七稜 菖蒲,Nanakado Ayame,나나카도 아야메
NP0206,529,988,七稜 菖蒲（NP0206_spr）,七稜 菖蒲,NP0206_spr,,七稜 アヤメ（NP0206_spr）,七稜 菖蒲（NP0206_spr）,Nanakado Ayame,나나카도 아야메
NP0229,529,989,七稜 菖蒲,七稜 菖蒲,,,七稜 アヤメ,七稜 菖蒲,Nanakado Ayame,나나카도 아야메
CH0276,530,986,土生 蓟,土生 蓟,,,土生 アザミ,,Habu Azami,하부 아자미
CH0289,531,987,土生 蓟（和服）,土生 蓟,和服,,土生 アザミ,,Habu Azami,하부 아자미
NP0250,532,992,最强独角狮,最强独角狮,,,最強一角らいおん,,SAIKYO IKKAKU RAION,최강 일각 라이온
CH0301,533,1011,勘解由小路 紫（泳装）,勘解由小路 紫,泳装,,勘解由小路 ユカリ（水着）,勘解由小路 紫（泳裝）,Kadenokouji Yukari,카데노코지 유카리
CH0300,534,1010,桐生 桔梗（泳装）,桐生 桔梗,泳装,,桐生 キキョウ（水着）,桐生 桔梗（泳裝）,Kiryuu Kikyou,키류 키쿄
CH0302,535,1012,不破 莲华（泳装）,不破 莲华,泳装,,不破 レンゲ（水着）,不破 蓮華（泳裝）,Fuwa Renge,후와 렌게
NP0255,536,1015,百鬼夜行学生A（泳装）,百鬼夜行学生A,泳装,,,,,
CH0303,537,1013,御稜 名草（泳装）,御稜 名草,泳装,御稜 名草（泳装）,御稜 ナグサ（水着）,御棱 名草（泳裝）,Goryou Nagusa,고료 나구사
CH0254,538,661,丹花 伊吹（礼服）,丹花 伊吹,礼服,丹花 伊吹（礼服）,"丹花 イブキ（ドレス,礼服）","丹花 伊吹（禮服,礼服）",Tanga Ibuki,탄가 이부키
CH0253,539,660,羽沼 真琴（礼服）,羽沼 真琴,礼服,羽沼 真琴（礼服）,"羽沼 マコト（ドレス,礼服）","羽沼 真琴（禮服,礼服）",Hanuma Makoto,하누마 마코토
CH0291,541,1075,羽川 莲见（泳装）,羽川 莲见,泳装,羽川 莲见（泳装）,羽川 ハスミ（水着）,羽川 蓮實（泳裝）,Hanekawa Hasumi,하네카와 하스미
CH0292,542,1076,仲正 一花（泳装）,仲正 一花,泳装,仲正 一花（泳装）,仲正 イチカ（水着）,仲正 一花（泳裝）,Nakamasa Ichika,나카마사 이치카
CH0295,543,1079,百合园 圣娅（泳装）,百合园 圣娅,泳装,百合园 圣娅（泳装）,百合園 セイア（水着）,百合園 聖亞（泳裝）,Yurizono Seia,유리조노 세이아
CH0293,544,1077,桐藤 渚（泳装）,桐藤 渚,泳装,桐藤 渚（泳装）,桐藤 ナギサ（水着）,桐藤 渚（泳裝）,Kirifuji Nagisa,키리후지 나기사
CH0294,545,1078,圣园 未花（泳装）,圣园 未花,泳装,圣园 未花（泳装）,聖園 ミカ（水着）,聖園 彌香（泳裝）,Misono Mika,미소노 미카
CH0328,546,1080,鬼怒川 霞（泳装）,鬼怒川 霞,泳装,鬼怒川 霞（泳装）,鬼怒川 カスミ（水着）,鬼怒川 佳澄（泳裝）,Kinugawa Kasumi,키누가와 카스미
NP0280,546,1082,"鬼怒川 霞（泳装,摘下外套）",鬼怒川 霞,"泳装,摘下外套","鬼怒川 霞（泳装,摘下外套）","鬼怒川 カスミ（水着,摘下外套）","鬼怒川 佳澄（泳裝,摘下外套）",Kinugawa Kasumi,키누가와 카스미
CH0329,547,1081,下仓 惠（泳装）,下仓 惠,泳装,下仓 惠（泳装）,下倉 メグ（水着）,下倉 惠（泳裝）,Shimokura Megu,시모쿠라 메구
CH0306,548,1085,板垣 庚,板垣 庚,,板垣,板垣 カノエ,,Itagaki Kanoe,
CH0304,549,1083,白尾 艾利,白尾 艾利,,,白尾 エリ,,Shirao Eri,
CH0305,550,1084,衣斐 莱娜,衣斐 莱娜,,,衣斐 レナ,,Kinui Rena,
CH0323,551,1087,清澄 晶（制服）,清澄 晶,制服,清澄 晶,清澄 アキラ,清澄 晶,Kiyosumi Akira,키요스미  아키라
NP0252,552,1088,舍监队成员A,舍监队成员A,,,寮監隊員A,,,
NP0253,553,1089,狂猎学生A,狂猎学生A,,,ワイルドハントの生徒A,,,
CH0317,554,1086,樱井 美代,樱井 美代,,,桜井 ミヨ,,Sakurai Miyo,사쿠라이 미요
NP0257,556,1167,阿里乌斯学生B,阿里乌斯学生B,,,アリウスの生徒B,,,
NP0263,557,1168,启示录的天使,启示录的天使,,,黙示録の天使,,,계시록의 천사
NP0264,557,1188,启示录的天使（吹响号角的天使）,启示录的天使,吹响号角的天使,,黙示録の天使（吹响号角的天使）,,,계시록의 천사
CH0324,558,1165,立木 迈亚,立木 迈亚,,,立木 マイア,,Tachigi Maia,타치기 마이아
CH0309,559,1164,梯 昴,梯 昴,,,梯 スバル,,Kakehashi Subaru,카케하시 스바루
CH0318,560,1171,若狭 冬,若狭 冬,,,若狭 フユ,,Wakasa Fuyu,와카사 후유
CH0319,561,1172,薄叶 律,薄叶 律,,,薄葉 リツ,,Usuba Ritsu,우스바 리츠
CH0316,562,1170,裕美,裕美,,,ヒロミ,,Hiromi,히로미
CH0325,563,1179,守月 铃美（魔法）,守月 铃美,魔法,守月 铃美,守月 スズミ（マジカル）,守月 鈴美,Morizuki Suzumi,모리즈키 스즈미
CH0326,565,1180,宇泽 玲纱（魔法）,宇泽 玲纱,魔法,宇泽 玲纱,宇沢 レイサ（マジカル）,宇澤 澪紗,Uzawa Reisa,우자와 레이사
CH0327,566,1181,圆堂 志美子（魔法）,圆堂 志美子,魔法,圆堂 志美子,円堂 シミコ（マジカル）,円堂 志美子,Endo Shimiko,엔도우 시미코
CH0297,568,1193,大野 月咏（礼服）,大野 月咏,礼服,大野 月咏（礼服）,大野 ツクヨ（ドレス）,大野 月夜（禮服）,Ōno Tsukuyo,오노 츠쿠요
CH0296,569,1192,千鸟 满（礼服）,千鸟 满,礼服,千鸟 满（礼服）,千鳥 ミチル（ドレス）,千鳥 三千留（禮服）,Chidori Michiru,치도리 미치루
CH0298,570,1194,久田 泉奈（礼服）,久田 泉奈,礼服,久田 泉奈（礼服）,久田 イズナ（ドレス）,久田 伊樹菜（禮服）,Kuda Izuna,쿠다 이즈나
